track_name,artist_names,source,weeks_on_chart_in_dataset,peak_rank,previous_rank,lifetime_weeks_on_chart,peak_week_streams,total_streams,last_appearance_streams,last_appearance_rank,last_appearance_date
Dil Diyan Gallan,Atif Aslam,YRF Music,54,29,45,326,2631003,114820648,1451777,134,2026-05-14
Tere Bina,"A.R. Rahman, Chinmayi, Murtuza Khan, Qadir Khan",Sony Music Entertainment India Pvt. Ltd.,54,8,11,91,4956975,214128513,2795327,31,2026-05-14
Die With A Smile,"Lady Gaga, Bruno Mars",Interscope Records,54,4,19,85,2784689,99941243,1411796,145,2026-05-14
Jeene Laga Hoon,"Sachin-Jigar, Atif Aslam, Shreya Ghoshal",Tips Music Limited,54,28,41,88,3166833,113741416,1417301,141,2026-05-14
Winning Speech,"Karan Aujla, Mxrci",Karan Aujla,54,8,79,104,2966205,114807524,1302148,177,2026-05-14
Ishq Hai,"Anurag Saikia, Raj Shekhar, Romy, Amarabha Banerjee, Varun Jain, Madhubanti Bagchi, Mismatched - Cast",Netflix Music,54,1,10,74,4140901,115720616,1392840,149,2026-05-14
Saiyyan,"Kailash Kher, Paresh Kamath, Naresh Kamath",Sony Music Entertainment India Pvt. Ltd.,54,54,66,124,2258496,92181564,1329370,169,2026-05-14
Sang Rahiyo,"Jasleen Royal, Ujjwal Kashyap, Neeraj Rajawat",Warner Music India,54,19,25,114,3377550,134518042,1769091,77,2026-05-14
Sahiba,"Jasleen Royal, Stebin Ben, Vijay Deverakonda, Radhikka Madan, Priya Saraiya, Aditya Sharma",Warner Music India,54,1,16,77,3469840,131848424,1503948,123,2026-05-14
Ranjheya Ve,Zain Zohaib,Zain Zohaib,54,20,22,64,2751381,123798934,1709883,81,2026-05-14
Husn,Anuv Jain,Universal Music India Pvt. Ltd. (on behalf of Anuv Jain),54,1,36,128,2990116,117227211,1493583,124,2026-05-14
Baarishein,Anuv Jain,Universal Music India Pvt. Ltd. (on behalf of Anuv Jain),54,16,73,261,2329702,102957931,1441796,138,2026-05-14
Softly,"Karan Aujla, Ikky",WM Canada,54,4,50,143,2359296,103533935,1244019,200,2026-05-14
Tum Se Hi,"Pritam, Mohit Chauhan, Irshad Kamil",T-Series,54,12,20,321,2788398,113008931,2001709,64,2026-05-14
Starboy,"The Weeknd, Daft Punk",The Weeknd/Lyric,54,12,150,250,1800675,83615569,1503967,122,2026-05-14
Ishq Di Baajiyaan,"Shankar-Ehsaan-Loy, Diljit Dosanjh",Sony Music Entertainment India Pvt. Ltd.,54,60,78,90,2383365,102167756,1444868,137,2026-05-14
Apna Bana Le,"Sachin-Jigar, Arijit Singh, Amitabh Bhattacharya",Zee Music Company,54,1,12,151,5682005,240174868,4169957,12,2026-05-14
Ye Tune Kya Kiya,"Pritam, Javed Bashir, Rajat Arora",T-Series,54,9,10,117,4036122,179504679,2631295,34,2026-05-14
Pehli Dafa,"Atif Aslam, Shiraz Uppal, Shakeel Sohail",T-Series,54,40,46,132,2901862,115011281,1672794,85,2026-05-14
Hasi - Male Version,"Ami Mishra, Kunaal Vermaa",Sony Music Entertainment India Pvt. Ltd.,54,59,66,150,2163438,97825014,1524109,119,2026-05-14
Teri Deewani,"Kailash Kher, Paresh Kamath, Naresh Kamath",Sony Music Entertainment India Pvt. Ltd.,54,28,36,93,3220660,135861071,2654882,33,2026-05-14
Finding Her,"Kushagra, Bharath, Saaheal",EYP Creations,54,1,2,62,8770636,329613619,4592026,9,2026-05-14
Russian Bandana,Dhanda Nyoliwala,Universal Music India Pvt Ltd.,54,6,62,85,2279364,99592118,1400522,147,2026-05-14
"Raanjhanaa (From ""Raanjhanaa"")","A.R. Rahman, Jaswinder Singh, Shiraz Uppal",Sony Music Entertainment India Pvt. Ltd.,54,50,57,91,2673196,109580593,2000584,65,2026-05-14
Zaalima,"Arijit Singh, Harshdeep Kaur",Zee Music Company,54,27,34,151,3621810,132775732,2451869,37,2026-05-14
Samjho Na,Aditya Rikhari,CollabX Productions,54,16,23,160,4069920,133647562,1449836,135,2026-05-14
Zara Sa,"Pritam, KK, Sayeed Quadri",Sony Music Entertainment India Pvt. Ltd.,54,33,115,167,2696702,116534232,1791400,75,2026-05-14
One Love,Shubh,SHUBH,54,3,33,143,2588230,108247410,1462642,129,2026-05-14
Samjhawan,"Jawad Ahmad, Shaarib Toshi, Arijit Singh, Shreya Ghoshal",Sony Music Entertainment India Pvt. Ltd.,54,3,5,247,5860864,141590691,4214523,11,2026-05-14
Hale Dil,"Harshit Saxena, Sayeed Quadri",T-Series,54,60,61,80,2514047,100672744,2010983,63,2026-05-14
"Sajni (From ""Laapataa Ladies"")","Ram Sampath, Arijit Singh, Prashant Pandey",T-Series,54,1,15,106,3243608,115697084,1678901,84,2026-05-14
Shree Hanuman Chalisa,"Hariharan, Lalit Sen, Chander",T-Series,54,31,66,196,2552674,115714943,2065567,57,2026-05-14
Raabta,"Pritam, Arijit Singh",T-Series,54,33,37,187,3168482,112978018,2167116,51,2026-05-14
"Humsafar (From ""Badrinath Ki Dulhania"")","Akhil Sachdeva, Mansheel Gujral",T-Series,54,44,89,121,2373302,107951224,2119093,53,2026-05-14
Paaro,Aditya Rikhari,Universal Music India Pvt Ltd.,54,25,32,61,2890598,122089657,1692698,82,2026-05-14
Khuda Jaane,"Vishal-Shekhar, KK, Shilpa Rao, Anvita Dutt Guptan",YRF Music,54,29,55,188,2455531,92605074,1625501,93,2026-05-14
"Agar Tum Saath Ho (From ""Tamasha"")","Alka Yagnik, Arijit Singh",T-Series,54,4,41,363,4035045,166095776,2942560,28,2026-05-14
Paro,"Aditya Rikhari, UNPLG'd",Universal Music India Pvt Ltd.,54,7,9,62,4263317,177638973,1725163,80,2026-05-14
Jo Tum Mere Ho,Anuv Jain,Universal Music India Pvt. Ltd. (on behalf of Anuv Jain),54,1,6,92,5179390,230122017,3138856,25,2026-05-14
Jo Tere Sang,"Jeet Gannguli, Mustafa Zahid, Sayeed Quadri",Sony Music Entertainment India Pvt. Ltd.,54,22,26,54,2888079,121041476,2246448,47,2026-05-14
Ishq,"Faheem Abdullah, Rauhan Malik, Amir Ameer",Artiste First,54,2,7,111,6922782,265319680,3610014,17,2026-05-14
"Mere Sohneya (From ""Kabir Singh"")","Sachet Tandon, Parampara Tandon, Sachet-Parampara",T-Series,54,4,32,317,2880130,104859145,1406990,146,2026-05-14
"Kaise Hua (From ""Kabir Singh"")","Vishal Mishra, Manoj Muntashir",T-Series,54,5,63,361,2911630,107896000,1992125,66,2026-05-14
"Raanjhan (From ""Do Patti"")","Sachet-Parampara, Parampara Tandon, Kausar Munir",T-Series,54,1,3,82,6023059,233490985,2715083,32,2026-05-14
"Tujhe Kitna Chahne Lage (From ""Kabir Singh"")","Arijit Singh, Mithoon",T-Series,54,2,11,363,3687221,133357613,1803422,74,2026-05-14
Wavy,"Karan Aujla, Jay Trak",Karan Aujla Music,54,4,18,78,3058150,117768259,1296298,182,2026-05-14
Afsos,"Anuv Jain, AP Dhillon","Universal Music India Pvt. Ltd. (on behalf of Anuv Jain, AP DHILLON INC/Republic Records)",54,6,14,67,3051783,130942254,1457286,130,2026-05-14
Tere Liye,"Atif Aslam, Shreya Ghoshal, Sachin Gupta, Sameer Anjaan",Tips Music Limited,53,11,14,54,4946186,149829568,3142686,24,2026-05-14
"Tum Se (From ""Teri Baaton Mein Aisa Uljha Jiya"")","Sachin-Jigar, Raghav Chaitanya, Varun Jain, Indraneel",T-Series,53,10,29,117,2853015,98558644,1290296,185,2026-05-14
Ishq Sufiyana (Male),"Vishal-Shekhar, Kamal Khan",T-Series,53,46,94,76,2017638,85318631,1456079,131,2026-05-14
"Chahun Main Ya Naa (From ""Aashiqui 2"")","Palak Muchhal, Arijit Singh",T-Series,53,41,42,134,2382927,92836057,2377775,41,2026-05-14
Chambal K Dakku,"Masoom Sharma, Rahul Muana, Swara Verma, Ruba Khan",Bajewala Records,53,26,60,60,1970168,88315655,1252563,198,2026-05-14
Mitwa,"Shankar-Ehsaan-Loy, Shankar Mahadevan, Caralisa Monteiro, Shafqat Amanat Ali",Sony Music Entertainment India Pvt. Ltd.,53,57,63,90,2280864,96764079,1336434,167,2026-05-14
Hamari Adhuri Kahani (Title Track),"Jeet Gannguli, Arijit Singh, Rashmi Virag",Sony Music Entertainment India Pvt. Ltd.,52,56,-1,233,1682787,77872980,1425414,140,2026-05-14
Maahi,"Shaarib Toshi, Toshi Sabri, Sayeed Quadri",Sony Music Entertainment India Pvt. Ltd.,52,57,94,52,2308195,90143407,1645952,91,2026-05-14
Ae Dil Hai Mushkil Title Track,"Pritam, Arijit Singh",Sony Music Entertainment India Pvt. Ltd.,52,66,87,326,2202046,91411208,1298703,191,2026-05-07
"Tainu Khabar Nahi - From ""Munjya""","Sachin-Jigar, Arijit Singh",Zee Music Company,51,17,38,97,2580157,102697960,1660580,87,2026-05-14
Ishq Bulaava,"Vishal-Shekhar, Sanam Puri, Shipra Goyal",Sony Music Entertainment India Pvt. Ltd.,51,27,35,56,2777853,106118700,1863083,69,2026-05-14
Sajde,"Faheem Abdullah, Huzaif Nazar",Artiste First,50,13,15,50,4487634,116665626,1446452,136,2026-05-14
Haseen,"Talwiinder, NDS, Rippy Grewal",Talwiinder,50,2,5,50,8615582,205475030,2324106,42,2026-05-14
Admirin' You (feat. Preston Pablo),"Karan Aujla, Ikky, Preston Pablo",WM Canada,49,24,131,140,2007127,80180706,1376774,190,2026-04-23
Tere Bina Na Guzara E,Josh Brar,Speed Records,49,19,119,78,1749325,74536088,1392558,150,2026-05-14
Bulleya,"Vishal-Shekhar, Papon, Irshad Kamil",YRF Music,49,30,100,65,2835726,80647889,1379520,154,2026-05-14
Raat Ke Shikari,"Masoom Sharma, Sweta Chauhan, Yash Thukral",Sonotek Cassettes,49,18,21,49,3288498,120583689,1582480,104,2026-05-14
I Wanna Be Yours,Arctic Monkeys,Domino Recording Co,48,48,120,177,1639916,72801269,1339466,199,2026-04-23
"Satranga (From ""ANIMAL"")","Arijit Singh, Shreyas Puranik, Siddharth - Garima",T-Series,47,2,24,126,3051377,103954881,1315168,199,2026-04-30
O Saathi,"Atif Aslam, Arko",T-Series,47,28,56,191,2544784,84736065,1387422,197,2026-04-16
"Tum Tak (From ""Raanjhanaa"")","A.R. Rahman, Javed Ali, KIRTI SAGATHIA, Pooja AV",Sony Music Entertainment India Pvt. Ltd.,47,70,73,75,2118204,77978729,1318003,173,2026-05-14
Cheques,Shubh,SHUBH,47,1,75,148,2665646,92597146,1372766,197,2026-03-26
Maula Mere Maula,"Roop Kumar Rathod, Sayeed Quadri",Saregama India Ltd,47,68,76,79,2107915,78919392,1344937,198,2026-04-23
Kabira,"Pritam, Tochi Raina, Rekha Bhardwaj, Amitabh Bhattacharya",T-Series,46,31,109,340,2307355,80626624,1392773,168,2026-03-19
Gaadi 150,"Vikram Sarkar, THOUGHT",Big Wave Music,46,36,45,46,2726659,93661581,1363747,160,2026-05-14
Vaaroon,"Anand Bhaskar, Romy, Ginny Diwan",Zee Music Company,46,73,82,46,2079303,79306452,1592758,101,2026-05-14
Mann Mera - Original Version,Gajendra Verma,Sony Music / EROS Music,46,20,96,46,3024198,112413418,2270208,45,2026-05-14
Dil Ibaadat,"Pritam, KK, Sayeed Quadri",Sony Music Entertainment India Pvt. Ltd.,46,54,197,65,2093370,78327696,1475141,125,2026-05-14
Shayad,"Pritam, Arijit Singh",Sony Music Entertainment India Pvt. Ltd.,46,1,112,322,2146419,78818263,1378594,170,2026-03-19
"Aaj Ki Raat (From ""Stree 2"")","Sachin-Jigar, Madhubanti Bagchi, Divya Kumar, Amitabh Bhattacharya",Saregama India Ltd,45,1,27,85,2568902,86859350,1446086,174,2026-04-09
Ehsaas,"Faheem Abdullah, Duha Shah, Vaibhav Pani, Hyder Dar",Universal Music India Pvt Ltd.,45,12,37,45,4633772,145277577,3021305,26,2026-05-14
High On You,Jind Universe,Sony Music India / Nine,45,22,24,45,3734660,115810703,2152169,52,2026-05-14
Sahiba,Aditya Rikhari,T-Series,45,1,-1,45,12858656,402982566,4550751,10,2026-05-14
Jhol - Acoustic,"Maanu, Annural Khalid, Abdullah Siddiqui",Maanu,45,11,18,56,3660815,118344631,2117540,54,2026-05-14
O Rangrez,"Shankar-Ehsaan-Loy, Shreya Ghoshal, Javed Bashir, Yusuf Mohammed, Vajid Ali",Sony Music Entertainment India Pvt. Ltd.,44,47,84,70,2274621,72362958,1286501,200,2026-03-19
"Ranjha (From ""Shershaah"")","Jasleen Royal, B Praak, Romy",Sony Music Entertainment India Pvt. Ltd.,44,1,49,239,2570937,83422821,1310987,187,2026-05-07
Tu Hi Mera,"Pritam, Shafqat Amanat Ali, Sayeed Quadri",Sony Music Entertainment India Pvt. Ltd.,43,82,93,43,2009907,69956921,1542651,113,2026-05-14
"Tum Ho Toh (From ""Saiyaara"")","Vishal Mishra, Hansika Pareek, Raj Shekhar",YRF Music,43,3,4,43,8656855,175005722,3972013,15,2026-05-14
Naam Chale,Vikram Sarkar,All Good Music Pvt Ltd,43,5,11,43,5778764,131715772,1525879,118,2026-05-14
"Dhun (From ""Saiyaara"")","Mithoon, Arijit Singh",YRF Music,43,3,5,43,9409254,145932316,2440692,38,2026-05-14
Khayaal,"Talwiinder, NDS",Sony Music Entertainment India Pvt. Ltd.,43,5,9,56,6433213,113097999,1362062,162,2026-05-14
"Barbaad (From ""Saiyaara"")","The Rish, Jubin Nautiyal",YRF Music,43,5,7,43,7991473,159382585,2930543,29,2026-05-14
"Humsafar (From ""Saiyaara"")","Sachet-Parampara, Sachet Tandon, Parampara Tandon, Irshad Kamil, Prashant Pandey",YRF Music,43,6,11,43,8260495,125577774,2214597,48,2026-05-14
Sirra,"Guru Randhawa, Kiran Bajwa, Rony Ajnali",Warner Music India,42,6,8,42,5774477,118041508,1310376,189,2026-05-07
Ajab Si,"KK, Vishal-Shekhar, Vishal Dadlani",T-Series,42,19,37,215,2473654,73292278,1368085,191,2026-02-19
Tum Hi Ho,"Arijit Singh, Mithoon",T-Series,42,26,30,264,2718172,101839149,2502790,48,2026-02-19
Saibo,"Sachin-Jigar, Shreya Ghoshal, Tochi Raina",Sony Music Entertainment India Pvt. Ltd.,42,22,26,277,2972012,98220242,1868479,90,2026-02-19
Thodi Si Daaru,"AP Dhillon, Shreya Ghoshal",AP Dhillon,41,3,25,41,8243642,143581664,2095094,55,2026-05-14
Zaroor,"Aparshakti Khurana, Savi Kahlon",Sony Music India / Nine,40,13,141,79,1751992,59432351,1283268,198,2026-05-07
Supreme,Shubh,Shubh,40,2,3,42,6759422,138910690,1437112,185,2026-02-05
"Pardesiya - From ""Param Sundari""","Sachin-Jigar, Sonu Nigam, Krishnakali Saha, Amitabh Bhattacharya",Universal Music India Pvt Ltd.,40,4,7,40,5906237,100886966,1263255,194,2026-05-14
Hawayein,"Pritam, Arijit Singh",Sony Music Entertainment India Pvt. Ltd.,40,51,88,226,2178247,68488060,1321600,188,2026-03-19
"Tumhare Hi Rahenge Hum (From ""Stree 2"")","Sachin-Jigar, Varun Jain, Shilpa Rao, Amitabh Bhattacharya",Saregama India Ltd,39,8,77,76,2596268,75685359,1265729,200,2026-03-12
Boyfriend,"Karan Aujla, Ikky",WM Canada,38,9,10,38,4987543,138063921,3335092,22,2026-05-14
Arz Kiya Hai | Coke Studio Bharat,Anuv Jain,Universal Music India Pvt Ltd.,38,5,6,38,5819211,172838881,4863738,7,2026-05-14
Dil Nu,"AP Dhillon, Shinda Kahlon",RUN-UP RECORDS,38,33,181,106,2282478,58051815,1270949,188,2026-03-05
Fell For You,Shubh,SHUBH,38,19,190,52,2598600,68246033,1486447,183,2026-01-22
For A Reason,"Karan Aujla, Ikky",WM Canada,38,2,3,38,8405250,211845552,3154812,23,2026-05-14
"Mast Magan (From ""2 States)","Arijit Singh, Chinmayi",T-Series,37,28,30,273,3581041,103564295,2435543,39,2026-05-14
"Humdard (From ""Ek Villain"")",Arijit Singh,T-Series,37,15,25,304,4059722,109731752,2025727,60,2026-05-14
Dil Kaa Jo Haal Hai,"Abhijeet, Shreya Ghoshal",T-Series,37,40,44,37,2602746,69274705,1343704,165,2026-05-14
"Aayi Nai (From ""Stree 2"")","Sachin-Jigar, Pawan Singh, Simran Choudhary, Divya Kumar, Amitabh Bhattacharya",Saregama India Ltd,37,2,96,75,2133229,64788155,1492529,181,2026-01-29
Perfect,Ed Sheeran,Atlantic Records UK,37,29,139,300,1691633,53821597,1289504,200,2026-02-26
"Deewaniyat (From ""Ek Deewane Ki Deewaniyat"") (Original Motion Picture Soundtrack)","Vishal Mishra, Kaushik-Guddu, Kunaal Vermaa",PlayDMF,36,6,28,36,5643061,92901008,1592381,102,2026-05-14
Pal,"Javed-Mohsin, Arijit Singh, Shreya Ghoshal, Kunaal Vermaa, Prashant Ingole",Sony Music Entertainment India Pvt. Ltd.,36,34,97,350,1778197,53594975,1550596,109,2026-05-14
AZUL,"Guru Randhawa, Gurjit Gill, Lavish Dhiman",Warner Music India,36,10,12,36,4908649,90710694,1426836,188,2026-04-16
Aashiq Tera,"Sohail Sen, Altamash Faridi",Sony Music / EROS Music,35,23,133,62,1976124,57387975,1622107,94,2026-05-14
Tera Hone Laga Hoon,"Pritam, Atif Aslam, Alisha Chinai",Tips Music Limited,35,30,121,261,2591830,65951560,1356553,163,2026-05-14
Mann Mera,Gajendra Verma,Sony Music / EROS Music,35,7,15,265,4898044,151231591,4028554,14,2026-05-14
Saiyaara,"Tanishk Bagchi, Faheem Abdullah, Arslan Nizami, Irshad Kamil",YRF Music,35,1,2,48,10765955,195822861,3418336,20,2026-05-14
Tu Jaane Na,"Pritam, Atif Aslam",Tips Music Limited,35,48,108,241,2402864,63703582,1300022,179,2026-05-14
Shaky,"Sanju Rathod, G-SPXRK",Sanjay Rathod,35,3,4,35,5939530,103774249,1486771,194,2026-01-15
Oorum Blood,"Sai Abhyankkar, Paal Dabba, Bhumi, Deepthi Suresh",Think Music,35,5,12,37,6128727,119478844,2019459,62,2026-05-14
"Itni Si Baat Hain (From ""Azhar"")","Arijit Singh, Antara Mitra",T-Series,35,42,68,83,2746008,69398955,1610467,96,2026-05-14
Subhanallah,"Pritam, Sreerama Chandra, Shilpa Rao, Amitabh Bhattacharya",T-Series,35,34,72,143,2511482,63575145,1535856,185,2026-01-01
Tera Chehra,"Himesh Reshammiya, Arijit Singh",Sony Music Entertainment India Pvt. Ltd. / EROS Music,35,3,113,67,2397391,68046543,1660171,88,2026-05-14
Jeena Jeena,"Sachin-Jigar, Atif Aslam",Sony Music Entertainment India Pvt. Ltd. / EROS Music,34,24,100,243,2730255,77425508,1953589,68,2026-05-14
Kashish,"Ashish Bhatia, Omkar Singh, Kashish Ratnani",Sony Music India / Nine,34,8,13,34,4886256,95840936,1650326,90,2026-05-14
Qatal,"Guru Randhawa, Sanjoy, Gill Machhrai",Warner Music India,34,4,14,35,5498417,91582256,1489475,182,2026-01-08
Malang Sajna,"Sachet Tandon, Parampara Tandon, Kumaar, Sachet-Parampara",T-Series,34,4,93,153,1908992,50351323,1471540,127,2026-05-14
Millionaire,Yo Yo Honey Singh,T-Series,34,3,68,69,1824649,52040999,1589456,161,2026-01-15
Hona Tha Pyar,"Atif Aslam, Hadiqa Kiani",Tips Music Limited,34,54,91,43,2055361,54846966,1236345,193,2026-03-05
Nazra Ke Teer,"Vikram Sarkar, Guri Nimana",All Good Music Pvt Ltd,33,115,120,33,1834933,52663275,1318863,190,2026-03-19
"Pal Pal Dil Ke Paas - From ""Blackmail""",Kishore Kumar,Universal Music India Pvt Ltd.,33,50,53,33,2556054,66888279,1976213,91,2026-02-05
Yaari,"Masoom Sharma, Rohit Lamba",Kiara Records,33,56,66,33,2508132,64299047,1533185,115,2026-05-14
STFU,"AP Dhillon, Shinda Kahlon",AP Dhillon,32,15,16,32,3228944,68177683,1451481,192,2026-01-08
"Janiye (from the Netflix Film ""Chor Nikal Ke Bhaga"")","Vishal Mishra, Rashmeet Kaur",Netflix Music,32,5,90,127,2101350,51523724,1389351,195,2025-12-11
Dooron Dooron,"Paresh Pahuja, Shiv Tandan, Meghdeep Bose",Paresh Pahuja,32,3,4,32,5988822,144882288,3784673,16,2026-05-14
Desi Kalakaar,Yo Yo Honey Singh,T-Series,32,13,173,99,1595719,45180780,1344304,186,2026-04-30
Enna Sona,"A.R. Rahman, Arijit Singh",Sony Music Entertainment India Pvt. Ltd.,31,34,-1,178,1580322,43753111,1531657,116,2026-05-14
"Laal Pari (From ""Housefull 5"")","Yo Yo Honey Singh, Simar Kaur, Alfaaz",T-Series,31,9,11,31,3839780,73813449,1395315,192,2025-12-11
Kesariya,"Pritam, Arijit Singh, Amitabh Bhattacharya",Sony Music Entertainment India Pvt. Ltd.,31,1,86,177,1954914,50692640,1495667,167,2025-12-11
Shape of You,Ed Sheeran,Atlantic Records UK,30,63,144,272,2028744,45932503,1519260,182,2026-01-15
2 Khatole (Lofi Mix),Masoom Sharma,Tuffan Music,30,17,17,35,2551117,54012896,1382617,196,2025-12-04
Suniyan Suniyan,"Juss, MixSingh",Mix It Up Studio,30,3,47,80,2267718,50789936,1436739,186,2025-11-27
Dhurandhar - Title Track,"Shashwat Sachdev, Hanumankind, Jasmine Sandlas, Sudhir Yaduvanshi, Charanjit Ahuja, Muhammad Sadiq, Ranjit Kaur, Babu Singh Maan",Saregama India Ltd,30,3,9,30,8399472,119281400,2481745,36,2026-05-14
Sun Saathiya,"Divya Kumar, Priya Saraiya",Zee Music Company,30,110,120,51,1790584,45260039,1534602,114,2026-05-14
Love Dose,Yo Yo Honey Singh,T-Series,30,32,-1,79,1586654,42750962,1470865,157,2026-04-23
Lofar,"Masoom Sharma, Swara Verma",Sky High Music,30,25,98,37,1784898,46006353,1433103,187,2025-11-27
Main Rang Sharbaton Ka,"Atif Aslam, Chinmayi, Pritam",Tips Music Limited,30,73,-1,87,1799520,45450182,1444821,155,2026-04-30
I’m Done. - I-Popstar: Vol. 1,Maan Panu,Warner Music India,29,6,11,29,5906815,71090252,1276003,189,2026-05-14
Aavan Jaavan,"Pritam, Arijit Singh, Nikhita Gandhi, Amitabh Bhattacharya",YRF Music,29,8,8,31,3926802,57381281,1237820,192,2026-03-05
"Jaana Samjho Na (From ""Bhool Bhulaiyaa 3"")","Aditya Rikhari, Tulsi Kumar, Lijo George-Dj Chetas",T-Series,29,9,92,55,1964145,47976800,1473431,199,2025-12-25
O Meri Laila,"Atif Aslam, Jyotica Tangri",Zee Music Company,29,16,-1,77,1892659,42002104,1550589,110,2026-05-14
"Jugraafiya - From ""Super 30""","Udit Narayan, Shreya Ghoshal",Zee Music Company,29,18,25,49,3508430,56574587,1280793,187,2026-05-14
Tere Naina,"Shankar-Ehsaan-Loy, Shafqat Amanat Ali",Sony Music Entertainment India Pvt. Ltd.,29,89,127,45,1787060,44505596,1436784,200,2025-12-18
Deewane,"Navaan Sandhu, Bir, Daaku",Universal Music India Pvt Ltd.,29,90,92,29,2034956,44899777,1307959,176,2026-05-14
"Ve Kamleya (From ""Rocky Aur Rani Kii Prem Kahaani"")","Pritam, Arijit Singh, Shreya Ghoshal, Shadab Faridi, Altamash Faridi, Amitabh Bhattacharya",Saregama India Ltd,28,15,103,118,1772716,43058263,1418635,198,2026-01-29
Singari,"Sai Abhyankkar, Pradeep Ranganathan, Sai Smriti, Semv.iii",Think Music,28,70,96,28,2229041,48499624,1373727,156,2026-05-14
Tera Fitoor,"Arijit Singh, Himesh Reshammiya, Kumaar",Tips Music Limited,28,61,127,120,2024488,43571619,1361870,195,2026-02-19
Kalank - Title Track,"Pritam, Arijit Singh",Zee Music Company,28,5,167,301,1813439,40433305,1413273,142,2026-05-14
Ramayan Ka Saar,Masoom Sharma,Masoom Sharma,27,71,82,27,2032858,48828030,1594121,157,2025-12-18
Espresso,Sabrina Carpenter,Island Records,27,26,-1,70,1628887,39066766,1387425,184,2026-04-23
52 Bars,"Karan Aujla, Ikky",Rehaan Records,27,12,136,62,1755105,41613625,1403717,190,2025-12-11
Señorita,"Shawn Mendes, Camila Cabello",Island Records,26,1,-1,239,1831731,39359812,1400297,196,2026-02-05
Soch Na Sake,"Amaal Mallik, Arijit Singh, Tulsi Kumar",T-Series,26,46,108,148,1757607,40435012,1567806,107,2026-05-14
Monica,"Anirudh Ravichander, Sublahshini, Asal Kolaar",Sun Pictures,26,12,18,29,4891919,68233210,1463152,189,2026-01-29
Andaaz e Karam,"Madhur Sharma, Moin, ER",Universal Music India Pvt Ltd.,26,65,72,26,2307360,42996076,1631985,92,2026-05-14
Aakh Ye Taalibaani,"Manish Sonipat Aala, Bali Sharma, Vampire",Sony Music India / Brown,26,37,41,26,3050916,58543307,1380045,153,2026-05-14
BLACK RIDE,"Dhanda Nyoliwala, Hammy Muzic",Universal Music India Pvt. Ltd. (FarArmy Productions),26,75,94,26,2091120,48502915,1834484,101,2026-04-09
"Channa Ve - From ""Bhoot - Part One: The Haunted Ship""","Mansheel Gujral, Akhil Sachdeva",Zee Music Company,26,33,-1,95,1695720,37424932,1273056,190,2026-05-14
Pee Loon,"Pritam, Mohit Chauhan, Irshad Kamil",T-Series,26,37,102,90,1840100,40103380,1416900,179,2025-11-06
Excuses,"AP Dhillon, Gurinder Gill, Intense",RUN-UP RECORDS,26,1,137,210,1653046,37703248,1468858,186,2026-01-29
"Aasa Kooda - From ""Think Indie""","Sai Abhyankkar, Sai Smriti",Think Music,25,3,124,70,1732886,38054902,1345753,185,2025-10-30
Phir Bhi Tumko Chaahunga,"Mithoon, Manoj Muntashir, Arijit Singh, Shashaa Tirupati",Zee Music Company,25,103,123,61,1855143,35655013,1436742,139,2026-05-14
O Maahi,"Pritam, Arijit Singh, Irshad Kamil",T-Series,25,4,64,97,2145642,41503024,1309834,199,2025-10-30
Phir Mohabbat,"Mohammed Irfan, Arijit Singh, Saim Bhat, Mithoon, Sayeed Quadri",T-Series,25,85,90,69,1831668,40608293,1669959,86,2026-05-14
Aawaara Angaara,"A.R. Rahman, Faheem Abdullah, Irshad Kamil",T-Series,25,6,11,25,5527464,66074483,1597950,99,2026-05-14
Gal Sun,"Sabat Batin, Rackstar",Giraffe Music,25,32,34,25,3287660,54176454,1437434,159,2026-04-30
Tension,Dhanda Nyoliwala,Universal Music India Pvt Ltd.,25,74,93,25,1936290,41943665,1761363,113,2026-04-09
Tu Hi Haqeeqat,"Pritam, Javed Ali, Irshan Ashraf, Shadab, Sayeed Quadri",Sony Music Entertainment India Pvt. Ltd.,25,110,152,32,1707134,36162002,1399773,148,2026-05-14
"Chuttamalle (From ""Devara Part 1"")","Shilpa Rao, Anirudh Ravichander, Ramajogayya Sastry",T-Series,25,4,67,64,1912207,36739066,1221114,200,2026-03-05
I Really Do...,"Karan Aujla, Ikky",WM Canada,25,43,56,25,2561628,50493401,1423865,183,2026-02-12
Ishqa Ve,"Zeeshan Ali, Yuvraj Tung, Sandeep Aulakh, Honey Dhillon",OpenMic Studios,25,17,20,25,4071104,80196384,2498890,35,2026-05-14
Ishq Jalakar - Karvaan,"Shashwat Sachdev, Shahzad Ali, Subhadeep Das Chowdhury, Armaan Khan, Irshad Kamil, Roshan, Sahir Ludhianvi",Saregama India Ltd,24,4,18,24,7767202,86848305,1789212,76,2026-05-14
KALYANI,"ARJN, KDS, FIFTY4, RONN",Universal Music India Pvt Ltd.,24,21,24,24,3820984,65182948,1967065,67,2026-05-14
Blender,"Masoom Sharma, Swara Verma, Dev Chouhan, Pooja Saxena",GSC Music,24,19,48,41,2009502,38916152,1410799,174,2025-10-23
Financer,"Bintu Pabra, Bamboo Beat, Pranjal Dahiya, Shiva Choudhary",Pellet Drum Productions,24,53,57,24,2502705,50200056,1372391,157,2026-05-14
Gehra Hua,"Shashwat Sachdev, Arijit Singh, Irshad Kamil, Armaan Khan",Saregama India Ltd,24,1,5,24,9854486,182523165,6403664,2,2026-05-14
Maiyya,"Sachet-Parampara, Sachet Tandon, Parampara Tandon, Kausar Munir",T-Series,24,19,42,45,2818469,51088332,1514022,176,2025-11-20
Labon Ko,"Pritam, KK, Sayeed Quadri",T-Series,24,85,-1,28,1702991,35218818,1376203,155,2026-05-14
"Uyi Amma - From ""Azaad""","Amit Trivedi, Madhubanti Bagchi, Amitabh Bhattacharya",Zee Music Company,24,24,58,39,2279994,41507084,1540944,166,2026-01-08
California Love,"Cheema Y, Gur Sidhu",Brown Town Music,23,27,-1,106,1843685,37528567,1838691,70,2026-05-14
bargad,"sufr, Arpit Bala, toorjo dey",Sony Music India / Brown,23,21,23,23,3990355,60038157,1366159,180,2026-04-30
"Akhiyaan Gulaab (From ""Teri Baaton Mein Aisa Uljha Jiya"")",Mitraz,T-Series,23,2,80,89,1859669,37243946,1393196,193,2026-04-09
Maiyya Mainu,"Sachet Tandon, Shellee",Zee Music Company,23,5,82,153,2205344,41410720,1504245,166,2025-12-04
"Sitaare (From ""Ikkis"")","Arijit Singh, Sachin-Jigar, Amitabh Bhattacharya",Sony Music Entertainment India Pvt. Ltd.,23,8,11,23,5754771,96274529,4088538,13,2026-05-14
Shararat,"Shashwat Sachdev, Madhubanti Bagchi, Jasmine Sandlas",Saregama India Ltd,23,7,8,23,5537215,101286768,3375841,21,2026-05-14
Nazm Nazm,Arko,Zee Music Company,22,79,90,70,1887217,34593084,1341996,169,2026-03-05
Darkhaast,"Mithoon, Arijit Singh, Sunidhi Chauhan, Sayeed Quadri",T-Series,22,18,19,24,3649086,63070750,3500661,18,2026-05-14
Tum Mile,"Pritam, Neeraj Shridhar",Sony Music Entertainment India Pvt. Ltd.,22,66,85,26,1969064,34279325,1612093,152,2025-10-16
Run Down The City - Monica,"Shashwat Sachdev, Reble, Asha Bhosle, R. D. Burman, Majrooh Sultanpuri",Saregama India Ltd,22,32,46,22,3379577,50079969,1613807,95,2026-05-14
MF Gabhru!,"Karan Aujla, Ikky",WM Canada,22,21,33,25,3646292,53156807,1424069,199,2026-01-22
Hopeless,"Amanraj Gill, Prem Lata, Aj Fakira",Saregama India Ltd,22,54,75,22,2647700,44968833,1473680,126,2026-05-14
Saiyaara Reprise - Female,"Tanishk Bagchi, Faheem Abdullah, Arslan Nizami, Shreya Ghoshal, Irshad Kamil",YRF Music,22,5,6,22,8481535,65417737,1488699,183,2026-01-08
Lutt Le Gaya,"Shashwat Sachdev, Simran Choudhary",Saregama India Ltd,22,26,30,22,3504496,63748445,2069699,56,2026-05-14
Tum Jo Aaye,"Pritam, Tulsi Kumar, Rahat Fateh Ali Khan, Irshad Kamil",T-Series,22,100,117,28,1757134,30886672,1221404,199,2026-03-05
Naal Nachna,"Shashwat Sachdev, Afsana Khan, Irshad Kamil, Reble",Saregama India Ltd,22,24,28,22,3796803,64248907,2323731,43,2026-05-14
"Dekhha Tenu (From ""Mr. And Mrs. Mahi"")","Mohammad Faiz, Jaani",Sony Music Entertainment India Pvt. Ltd.,21,2,81,71,2176558,38029641,1337432,190,2025-09-25
Heeriye (feat. Arijit Singh),"Jasleen Royal, Arijit Singh, Dulquer Salmaan",Warner Music India,20,1,87,112,1881963,32567621,1416951,200,2025-10-16
Tera Mera Rishta,"Pritam, Mustafa Zahid, Sayeed Quadri",Sony Music / Vishesh Films,19,88,146,27,1825757,29734931,1497172,148,2025-09-11
Aashiq Tera,"Sohail Sen, Altamash Faridi",Sony Music / EROS Music,19,23,30,27,2799790,41381464,1637456,133,2025-09-11
Tu,"Talwiinder, Sanjoy",T-Series,19,27,29,19,3526889,45458050,1411712,158,2026-03-12
Guzarish,"A.R. Rahman, Javed Ali, Prasoon Joshi",T-Series,19,106,108,48,1872220,29215096,1421367,190,2026-02-05
"Chikiri Chikiri (From ""Peddi"") [TELUGU]","A.R. Rahman, Mohit Chauhan, Balaji",T-Series,19,58,91,19,2502736,36227222,1457753,153,2026-03-19
Aaj Se Teri,"Amit Trivedi, Arijit Singh",Zee Music Company,19,114,126,19,1647609,28370464,1529349,117,2026-05-14
Tu Jaane Na,"Pritam, Atif Aslam",Tips Music Limited,19,48,64,206,2257502,36602007,1810194,108,2025-09-11
Tera Hone Laga Hoon,"Pritam, Atif Aslam, Alisha Chinai",Tips Music Limited,19,30,69,226,2255405,36167621,1695259,121,2025-09-11
At Peace,"Karan Aujla, Ikky",WM Canada,19,16,17,19,3380835,39149200,1489326,166,2025-11-06
Sanam Teri Kasam,"Himesh Reshammiya, Ankit Tiwari, Palak Muchhal",Sony Music Entertainment India Pvt. Ltd. / EROS Music,19,1,156,51,1571443,27215916,1412495,192,2026-04-16
Mann Mera,Gajendra Verma,Sony Music / EROS Music,19,12,14,230,4418881,67833519,4376693,14,2025-09-11
"Bekhayali (From ""Kabir Singh"")","Sachet Tandon, Sachet-Parampara",T-Series,19,1,-1,285,1553312,26497300,1553312,108,2026-05-14
Jeena Jeena,"Sachin-Jigar, Atif Aslam",Sony Music Entertainment India Pvt. Ltd. / EROS Music,19,24,34,206,2895801,48686928,1854090,100,2025-09-11
Courtside,"Karan Aujla, Signature By SB",Karan Aujla Music,18,13,-1,18,3377052,39455367,1381751,187,2025-09-18
Minnalvala,"Jakes Bejoy, Sid Sriram, Sithara Krishnakumar",Sony Music Entertainment India Pvt. Ltd.,18,8,17,20,3664913,40762696,1362982,184,2025-10-02
Sanam Teri Kasam,"Himesh Reshammiya, Ankit Tiwari, Palak Muchhal",Sony Music Entertainment India Pvt. Ltd. / EROS Music,18,1,45,32,2166219,30088677,1456696,156,2025-09-11
Pehle Bhi Main,"Vishal Mishra, Raj Shekhar",T-Series,18,1,53,92,2099714,29632258,1363634,172,2025-09-04
Tera Chehra,"Himesh Reshammiya, Arijit Singh",Sony Music Entertainment India Pvt. Ltd. / EROS Music,18,3,24,32,2673990,36472549,1788370,113,2025-09-11
Dhundhala,"Yashraj, Dropped Out, Talwiinder",Universal Music India Pvt. Ltd. (on behalf of Yashraj),18,38,40,31,2925784,33430326,1466542,187,2026-01-29
Afghan Jalebi (Film Version),"Pritam, Akhtar Chinnal",T-Series,18,114,126,18,1879433,27773692,1395128,179,2026-04-23
Chammak Challo,"Vishal-Shekhar, Akon, Hamsika Iyer, Vishal Dadlani, Niranjan Iyengar",T-Series,17,105,-1,73,1833436,25985569,1412895,186,2026-02-12
Ilahi,"Pritam, Arijit Singh, Amitabh Bhattacharya",T-Series,17,86,158,35,1458841,23163263,1421924,186,2025-12-04
Udaarian,Satinder Sartaaj,Saga Music,17,79,89,17,2170192,28806545,1467829,128,2026-05-14
"Humdard (From ""Ek Villain"")",Arijit Singh,T-Series,17,17,21,267,3103422,47247467,2821345,36,2025-08-28
"Itni Si Baat Hain (From ""Azhar"")","Pritam, Arijit Singh, Antara Mitra, Manoj Yadav",T-Series,17,70,124,46,2080445,28388316,2080445,70,2025-08-28
Woh Lamhe Woh Baatein,"Roop Kumar Rathod, Mithoon, Naresh Sharma, Atif Aslam",Sony Music / Vishesh Films,17,77,87,21,1830470,24915264,1432927,192,2025-10-16
"Mast Magan (From ""2 States"")","Arijit Singh, Chinmayi",T-Series,17,43,57,236,2397561,37038423,2209163,57,2025-08-28
Toota Jo Kabhi Tara,"Sumedha Karmahe, Atif Aslam",Zee Music Company,17,93,99,17,2070734,28869046,1261271,195,2026-05-14
Warning,"Masoom Sharma, Swara Verma",Gem Tunes Haryanvi,17,130,-1,17,1652280,24568205,1351871,193,2025-10-23
Khat,Navjot Ahuja,EYP Creations,17,3,4,17,6976548,89703787,6200943,3,2026-05-14
Sheesha - Aakhya Mai Aakh Ghali Jo Bairan,"Mitta Ror, Swara Verma",Sony Music India / Nine,17,2,9,17,8690026,94243261,5204317,6,2026-05-14
I Think They Call This Love - Cover,Matthew Ifield,EMI Recorded Music Australia Pty Ltd,16,95,118,16,2074505,25651559,1411420,193,2026-04-16
Gaadi Paache Gaadi,"Amanraj Gill, Bulbul",Saregama India Ltd,16,87,103,16,1876429,26820561,1391172,180,2026-04-23
Tere Sang Yaara,"Atif Aslam, Manoj Muntashir",Zee Music Company,16,101,166,57,1631429,23391647,1494934,168,2025-12-11
Powerhouse,"Anirudh Ravichander, Arivu",Sun Pictures,16,13,20,18,4726621,40700167,1403871,194,2025-11-20
FA9LA,Flipperachi,Outlaw Productions,16,1,8,16,10405970,55410109,1470924,167,2026-04-02
Tutor,"Cheema Y, Gur Sidhu",Brown Town Music,16,49,197,16,2443884,26521645,1455117,132,2026-05-14
Aadat (Feat. AP Dhillon),"Yo Yo Honey Singh, AP Dhillon",T-Series,16,47,54,16,2769617,27923956,1455385,179,2026-04-16
"One Of The Girls (with JENNIE, Lily Rose Depp)","The Weeknd, JENNIE, Lily-Rose Depp",XO / Republic Records,16,98,163,85,1458901,21659185,1437028,199,2025-12-18
Deewana Kar Raha Hai,Javed Ali,T-Series,16,86,104,32,2084218,25786668,1415457,193,2025-11-27
Aadat,"Jal, Mithoon, Atif Aslam",Sony Music / Vishesh Films,16,131,137,16,1499798,21646366,1422774,199,2025-10-16
Deewaana Deewaana,"A.R. Rahman, Irshad Kamil",T-Series,15,19,24,15,3620564,45533788,3499210,19,2026-05-14
Kithe Reh Gaya,"Neeti Mohan, Abhijit Vaghani",T-Series,15,43,44,15,2639284,32122321,1328174,170,2026-05-14
Falani,"Vikram Sarkar, Guri Nimana",All Good Music Pvt Ltd,15,94,122,15,2077686,24771858,1438159,175,2026-04-02
Teri Ramjhol Bole Gi (feat. Kay D),"Masoom Sharma, Sheenam Katholic, Mr. Boota, Aarohi Raghav, Kay D",Empire Media,15,18,21,22,2492083,30295347,1697387,117,2025-08-14
"Tu Hain Toh (From ""Mr. And Mrs. Mahi"")","Bunny, Hunny, Sagar",Sony Music Entertainment India Pvt. Ltd.,15,8,162,60,1485208,20745282,1313807,174,2026-05-14
By My Side,"AP Dhillon, Shinda Kahlon",AP Dhillon,15,87,107,15,2082691,26151892,1511451,161,2026-03-26
Dil Tu Jaan Tu,"Gurnazar, Chet Singh",Jhankar Music,15,14,174,55,1443280,20206107,1300478,186,2025-09-04
"Tu Hain Toh Main Hoon (From ""Sky Force"")","Tanishk Bagchi, Arijit Singh, Afsana Khan, Irshad Kamil",Saregama India Ltd,15,7,65,29,1908692,22989830,1482631,158,2025-08-28
Toh Phir Aao,"Pritam, Mustafa Zahid, Sayeed Quadri",Sony Music / Vishesh Films,15,155,-1,15,1475442,20357359,1288336,189,2025-09-04
Piche Tere,"Kunwarr, Dishant",Times Music,15,94,128,15,1982974,24117756,1322393,172,2026-05-14
"Preet Re - From ""Dhadak 2""","Darshan Raval, Rochak Kohli, Jonita Gandhi, Gurpreet Saini",Zee Music Company,14,47,51,14,2396768,25688066,1340620,187,2025-10-30
Sapphire,Ed Sheeran,Gingerbread Man Records / Atlantic Records UK,14,1,5,14,7713661,59565596,1643718,131,2025-09-11
"Kanimaa (From ""Retro"")","Santhosh Narayanan, The Indian Choral Ensemble, Vivek",T-Series,14,16,44,19,3007342,24810735,1324268,181,2025-09-11
Dooron Dooron - Unplugged,"Paresh Pahuja, Shiv Tandan",T-Series,14,115,124,14,1750269,21685409,1400295,186,2026-03-26
Pani Da Rang - Male,"Ayushmann Khurrana, Rochak Kohli",Sony Music / EROS Music,14,68,-1,62,1926654,22205876,1307509,194,2025-08-21
End of Beginning,Djo,Djo,14,38,118,37,3029254,26004372,1342075,176,2026-03-12
4 Aadmi,"Sumit Parta, Mr. Maxxx",Sumit Parta,14,115,134,14,1857135,22800494,1325216,181,2026-03-12
"Neelothi (From ""Sirai"")","Sooraj Santhosh, Chinmayi, Justin Prabhakaran, Sarathi",Seven Screen Studio,14,88,94,14,1906026,23305365,1269244,192,2026-05-14
Bin Tere,"Vishal-Shekhar, Shafqat Amanat Ali, Sunidhi Chauhan",Sony Music Entertainment India Pvt. Ltd.,14,105,118,26,1666320,19241947,1281425,186,2026-05-14
Madam Ji,"Masoom Sharma, Rekha Goswami, Amar Karnawal",Masoom Sharma,14,116,128,14,1633064,20668694,1388635,151,2026-05-14
"Pal Pal Dil Ke Paas - From ""Blackmail""",Kishore Kumar,Universal Music India Pvt Ltd.,14,50,91,47,1981292,22404680,1387367,152,2026-05-14
"Saiyaara (From ""Saiyaara"")","Tanishk Bagchi, Faheem Abdullah, Arslan Nizami, Irshad Kamil",YRF Music,13,1,2,13,26355165,158321615,10237551,2,2025-09-11
"Jaane Na Tu (From ""UR Debut"")","Bhoomi, Naaz, Saaheal",EYP Creations,13,49,65,13,2618646,26781542,1621441,153,2025-12-18
Naam Tera,Ndee Kundu,White Hill Dhaakad,13,141,158,16,1670093,19248682,1361590,180,2026-03-19
Payal,"Yo Yo Honey Singh, Paradox",T-Series,13,14,122,36,1603068,18366748,1328132,199,2025-07-31
Jogi,"thiarajxtt, Bir",Universal Music Canada,13,39,50,13,2955908,28686980,2047987,58,2026-05-14
Chand Sifarish,"Jatin-Lalit, Shaan, Kailash Kher, Prasoon Joshi",YRF Music,13,98,-1,68,1499981,17798897,1377878,196,2025-11-13
Seet Lehar,"Filmy, Riyaazi",Real Music Production,13,34,38,13,3149319,27082169,1494921,149,2026-03-19
Not Guilty,Dhanda Nyoliwala,Universal Music India Pvt. Ltd. (FarArmy Productions),13,23,29,13,3532033,37887942,2691790,47,2026-04-09
Tauba Tauba,Karan Aujla,Saregama India Ltd,13,1,121,56,1519609,18219349,1334549,198,2025-07-31
Nashe Si Chadh Gayi,"Vishal-Shekhar, Arijit Singh, Caralisa Monteiro, Jaideep Sahni",YRF Music,13,133,-1,52,1607092,18697494,1334559,186,2026-02-26
"Ajab Si (From ""Om Shanti Om"")",KK,T-Series,12,19,191,227,1691079,18440052,1505519,121,2026-05-14
Bandana,Shubh,Shubh,12,8,154,69,2058385,20491377,1341802,188,2025-07-24
"Tum Hi Ho (From ""Aashiqui 2)",Arijit Singh,T-Series,12,26,48,276,2261143,25199715,2194278,49,2026-05-14
Tum Mere Na Huye - From “Thamma”,"Sachin-Jigar, Madhubanti Bagchi, Amitabh Bhattacharya",Universal Music India Pvt. Ltd.,12,35,37,12,2718717,23866906,1473961,187,2026-01-08
Bairi,"Virat, Pradeep Solanki, Heena, Miss Parul",Jhoom Rajasthan,12,13,17,12,4182535,37655987,2314902,44,2026-05-14
Mere Bina,"Pritam, Nikhil D'Souza",Sony Music Entertainment India Pvt. Ltd.,12,140,147,12,1533860,17030499,1533860,186,2026-01-01
"Tum Kya Mile (From ""Rocky Aur Rani Kii Prem Kahaani"")","Pritam, Arijit Singh, Shreya Ghoshal, Amitabh Bhattacharya",Saregama India Ltd,12,9,140,108,1498404,16292971,1366238,189,2025-08-28
Saibo,"Sachin-Jigar, Shreya Ghoshal, Tochi Raina",Sony Music Entertainment India Pvt. Ltd.,12,22,90,289,1863489,20242047,1805157,73,2026-05-14
Balenci,Shubh,Shubh,12,74,118,12,2065328,20888879,1543965,167,2025-11-20
Blinding Lights,The Weeknd,Republic Records,12,4,-1,208,1587446,16795183,1587446,172,2026-01-01
"Tumse Behtar (From ""Sunny Sanskari Ki Tulsi Kumari"")","Arijit Singh, Tanishk Bagchi, Manoj Muntashir",Sony Music Entertainment India Pvt. Ltd.,12,100,131,12,1894574,19979511,1295271,197,2026-02-26
Ucha Lamba Kad,"Anand Raj Anand, Kalpana Patowary, Chorus",Times Music,12,40,44,12,2744324,25080898,1535883,146,2026-04-23
"Aaya Sher (From ""The Paradise"") (Telugu)","Anirudh Ravichander, Jangi Reddy, Arjun Chandy, Kasarla Shyam",Saregama India Ltd,12,8,100,12,4364945,33607390,2406994,40,2026-05-14
Channa Mereya,"Pritam, Arijit Singh",Sony Music Entertainment India Pvt. Ltd.,12,58,-1,227,1730445,16907842,1314198,191,2026-03-19
Sunn Raha Hai,"Ankit Tiwari, Sandeep Nath",T-Series,12,111,113,29,1657432,16975257,1550495,111,2026-05-14
"Taras - From ""Munjya""","Sachin-Jigar, Jasmine Sandlas, Amitabh Bhattacharya",Zee Music Company,11,38,-1,53,1600011,15070115,1385189,195,2026-04-09
Aura,Shubh,SHUBH,11,57,60,23,2087687,18724005,1324897,188,2025-07-17
Teri Jhuki Nazar,"Pritam, Shafqat Amanat Ali, Sayeed Quadri",Sony Music Entertainment India Pvt. Ltd.,11,80,162,16,1876693,16018686,1410726,177,2025-09-18
DOPAMINE,"Guru Randhawa, Gurjit Gill, Lavish Dhiman",Warner Music India,11,52,62,11,2214032,20452178,1407021,171,2026-04-30
Superstar,"dox, JASKARAN, Rita Kim",5.5 Records Under Exclusive License to AWAL,11,70,78,14,1857993,17577594,1301828,196,2025-07-17
blue,yung kai,BMG Rights Management (US) LLC,11,16,95,32,1764555,17285558,1400044,164,2025-07-17
Zamaana Lage,"Pritam, Arijit Singh, Shashwat Singh, Qaisar-Ul-Jafri, Sandeep Shrivastava",T-Series,11,26,31,14,2652472,20144416,1284519,190,2025-09-04
Meri Zindagi Hai Tu,"Asim Azhar, Sabri Sisters",ARY Digital,11,124,133,11,1779160,17629203,1408152,190,2026-04-09
Water,"Diljit Dosanjh, MixSingh, Raj Ranjodh",Famous Studios,11,36,49,21,2346554,19257306,1325851,187,2025-07-17
Bairan,Banjaare,Sony Music India / Brown,11,1,51,11,16123443,138424236,11008041,1,2026-05-14
HIM.,"Karan Aujla, Ikky",WM Canada,11,84,92,11,1950581,18502979,1516508,172,2025-11-13
Ishq Wala Love,"Vishal-Shekhar, Shekhar Ravjiani, Salim Merchant, Neeti Mohan",Sony Music Entertainment India Pvt. Ltd.,11,100,-1,93,1550331,15627355,1377421,191,2026-04-02
"Phir Aur Kya Chahiye (From ""Zara Hatke Zara Bachke"")","Sachin-Jigar, Arijit Singh, Amitabh Bhattacharya",Saregama India Ltd,11,1,-1,106,1477167,14914073,1432904,169,2025-08-28
Old Money,AP Dhillon,AP Dhillon,11,13,-1,38,1652190,15920932,1379572,184,2025-08-28
Sundari,"Sanju Rathod, G-SPXRK",Sanjay Rathod,11,29,32,11,3113272,26027736,1466994,174,2025-12-04
5-7,"Karan Aujla, Mxrci",Rehaan Records,11,36,-1,11,2624270,20385851,1297659,193,2026-05-07
Dil Lagana Mana Tha,"Krish Mondal, Kishore Mondal, Kunaal Vermaa, Devv Sadaana",Koo Koo TV Entertainment Pvt Ltd,11,9,11,11,4674873,27912645,1479525,165,2026-04-09
Tere Ishk Mein,"A.R. Rahman, Arijit Singh, Irshad Kamil",T-Series,11,6,11,11,5561823,31317547,1469450,177,2026-02-05
"Pottala Muttaye - From ""Thalaivan Thalaivii""","Santhosh Narayanan, Sublahshini, Vivek",Think Music,11,104,141,11,1804412,17630169,1327301,194,2025-10-09
"Singari - From ""Dude (Telugu)""","Sai Abhyankkar, Ramajogayya Sastry",Think Music,11,142,-1,11,1690567,16124078,1383103,169,2026-03-19
"Kabhi Jo Baadal Barse (From ""Jackpot)",Arijit Singh,T-Series,10,186,-1,10,1470230,13816682,1253715,196,2026-05-14
Maruti,"Dhanda Nyoliwala, Ron Likhari, Miki Malang",Universal Music India Pvt. Ltd. (FarArmy Productions),10,158,179,10,1525137,14630607,1470207,178,2025-11-27
Khamoshiyan,"Jeet Gannguli, Arijit Singh, Rashmi Virag",Sony Music Entertainment India Pvt. Ltd.,10,90,-1,82,1423173,13547961,1390836,193,2026-02-12
Ramba Ho,"Shashwat Sachdev, Madhubanti Bagchi, Bappi Lahiri, Indiwar",Saregama India Ltd,10,72,100,10,2366862,17311507,1459259,173,2026-04-09
"Pavazha Malli - From ""Think Indie""","Sai Abhyankkar, Shruti Haasan, Vivek",Think Music,10,7,10,10,5299398,45095949,4852468,8,2026-05-14
Gulabi Aankhen,Sanam,Universal Music India Pvt Ltd.,10,103,-1,48,1671405,14437543,1338992,189,2025-10-30
Let Me Love You,"DJ Snake, Justin Bieber",DJ Snake Def Jam,10,90,-1,224,1740571,15711251,1508093,170,2026-02-05
"Thalapathy Kacheri (From ""Jana Nayagan"")","Anirudh Ravichander, Thalapathy Vijay, Arivu",T-Series,10,81,167,10,2237610,18321413,1491813,174,2026-02-05
Lae Dooba,"Sunidhi Chauhan, Manoj Muntashir",Zee Music Company,9,79,95,10,1743983,14483233,1738994,79,2026-05-14
Tu Na Samjhe,"Hellow Raja, MaxxTurnn",Sony Music India / Brown,9,52,76,10,2282241,16999565,1327303,171,2026-05-14
Nee Singam Dhan,"A.R. Rahman, Sid Sriram, Vivek",Sony Music Entertainment India Pvt. Ltd.,9,85,137,24,1831195,13011697,1313848,181,2025-07-10
With You,AP Dhillon,Mass Appeal India,9,2,-1,71,1852494,12998091,1336832,184,2026-03-19
"Naina (From ""Crew"")","Diljit Dosanjh, Badshah, Raj Ranjodh",Tips Music Limited,9,3,113,69,1649230,13243929,1361226,175,2025-07-03
Born to Shine,Diljit Dosanjh,FAMOUS STUDIOS INC,9,14,106,105,1718528,14103949,1345904,178,2025-07-03
Status,"Khasa Aala Chahar, Anny Kathwar",Dollar Music,9,138,169,9,1715196,14166944,1333331,187,2026-02-26
"Banjaara (From ""Ek Villain"")",Mohammed Irfan,T-Series,9,128,169,60,1579274,12779589,1474150,144,2025-07-03
Pani Da Rang - Male,"Ayushmann Khurrana, Rochak Kohli",Sony Music / EROS Music,9,68,-1,71,1646537,13751839,1573507,105,2026-05-14
Teri Meri Kahaani,"Palak Muchhal, Manoj Yadav, Arijit Singh",Zee Music Company,9,99,124,9,1609602,13432698,1592295,103,2026-05-14
"Aura 10/10 (From ""Meesaya Murukku 2"")","Hiphop Tamizha, Thamizh Aadhavan",Saregama India Ltd,9,83,98,9,1896078,15121073,1363591,161,2026-05-14
Not Like You,"Hammy Muzic, Legacy",Hammy Muzic,8,135,148,8,1556797,11211890,1424273,189,2026-02-05
"Guzaara (From ""Baaghi 4"")","Josh Brar, Parampara Tandon, Kumaar, Bunty Bains, Salamat Ali Matoi, Agaazz, Jagdeep Warring",T-Series,8,43,54,8,2552753,14339299,1390507,194,2026-02-12
Dhurandhar The Revenge - Aari Aari,"Shashwat Sachdev, Bombay Rockers, Irshad Kamil, Khan Saab, Reble, Token, Jasmine Sandlas, Sudhir Yaduvanshi",T-Series,8,4,35,9,7589314,40325616,3014830,27,2026-05-14
Kannukulla,"Sai Abhyankkar, Jonita Gandhi, Adesh Krishna",Think Music,8,115,125,8,1806971,12786820,1530249,190,2026-01-01
Meri Banogi Kya,"Rito Riba, Rajat Nagpal",PlayDMF,8,174,193,8,1472772,10858826,1299142,180,2026-05-14
Jaan Se Guzarte Hain,"Shashwat Sachdev, Khan Saab, Nusrat Fateh Ali Khan",T-Series,8,7,13,8,6155392,34274167,2859942,30,2026-05-14
Phir Se,"Shashwat Sachdev, Arijit Singh, Irshad Kamil",T-Series,8,22,49,8,3839280,23228906,2033623,59,2026-05-14
Vaari Jaavan,"Shashwat Sachdev, Jyoti Nooran, Jasmine Sandlas, Reble",T-Series,8,50,172,8,2667756,15736569,1650409,89,2026-05-14
"Boom Boom - From ""Dude (Telugu)""","Sai Abhyankkar, Bhumi, Deepthi Suresh, Sanapati Bharadwaj Patrudu",Think Music,8,116,150,8,1800157,12651361,1566763,165,2026-01-15
Kiya Kiya,"Anand Raj Anand, Shweta Pandit",Times Music,8,114,123,8,1743627,12585525,1743627,114,2026-04-16
SWIM,BTS,BIGHIT MUSIC,8,25,-1,8,3750732,16130054,1291063,184,2026-05-14
Jaat Intro (feat. Pranjal Dahiya),"Ajay Bhagta, Manisha Sharma, Kb Dhull, Pranjal Dahiya",Sky Digital,8,67,104,8,1980758,13867562,1296125,199,2025-07-24
Jaiye Sajana,"Shashwat Sachdev, Jasmine Sandlas, Satinder Sartaaj",T-Series,8,2,5,8,10194786,58980023,5300109,4,2026-05-14
"Mutta Kalakki (From ""Youth"")","G. V. Prakash, Ken Karunaas",GV Prakash,8,39,40,12,2883423,20708020,2022876,61,2026-05-14
Main Aur Tu,"Shashwat Sachdev, Jasmine Sandlas, Reble",T-Series,8,34,43,8,3288306,17582393,1296386,181,2026-05-14
"Raavana Mavandaa (From ""Jana Nayagan"")","Anirudh Ravichander, Vivek",T-Series,8,83,112,8,1688500,11792909,1688500,83,2026-05-14
Dracula - JENNIE Remix,"Tame Impala, JENNIE",Columbia,8,76,78,8,2058621,14031958,1367803,159,2026-05-14
Ve Haaniyaan,"Danny, Avvy Sra, Sagar",Dreamiyata Entertainment Pvt Ltd,8,10,145,73,1545333,10931768,1327530,181,2025-06-26
Soulmate,"Badshah, Arijit Singh",Universal Music India Pvt Ltd.,8,2,-1,61,1331540,10378540,1237860,198,2025-07-10
Monica,"Anirudh Ravichander, Sublahshini, Asal Kolaar, Krishna Kanth",Sun Pictures,8,95,110,9,1838350,12369286,1433253,165,2025-10-02
"All The Stars (with SZA) - From ""Black Panther: The Album""","Kendrick Lamar, SZA",Black Panther (TDE/DMG) PS,8,121,-1,22,1588477,11296873,1291960,198,2025-08-21
Muththa Mazhai (Reprise),"A.R. Rahman, Chinmayi, Siva Ananth",Saregama India Ltd,7,44,83,7,2320589,13326741,1386803,175,2025-07-24
Total,"Rawme Hooda, Nishael, Riyaazi",Rawme Hooda Music,7,104,152,7,1648503,10327073,1358860,181,2026-03-19
"Kannadi Poove (From ""Retro"")","Santhosh Narayanan, Vivek",T-Series,7,37,57,15,2368856,12128803,1342490,178,2025-06-19
"Khoobsurat (From ""Stree 2"")","Sachin-Jigar, Vishal Mishra, Amitabh Bhattacharya",Saregama India Ltd,7,5,105,44,1733806,10907609,1360676,195,2025-08-07
"Kasturi (From ""Amar Prem Ki Prem Kahani"")","Arijit Singh, Prasad S, Kunaal Vermaa",Times Music,7,61,-1,34,1545609,9953841,1449677,151,2026-03-12
Itna Na Mujhse Tu Pyar Badha,"Talat Mahmood, Lata Mangeshkar",Saregama India Ltd,7,129,131,7,1574719,10030997,1302291,200,2025-09-25
"Zaroorat (From ""Ek Villain"")",Mustafa Zahid,T-Series,7,129,149,11,1560662,10485422,1560662,132,2025-07-03
Chaleya,"Anirudh Ravichander, Arijit Singh, Shilpa Rao, Kumaar",T-Series,7,1,123,96,1461150,9967964,1391157,180,2025-10-23
Firestorm,"Thaman S, Silambarasan TR, Raja Kumari, Deepak Blue",Sony Music Entertainment India Pvt. Ltd.,7,44,87,10,2530349,12800401,1441802,164,2025-10-30
"PERFECT (From ""Sunny Sanskari Ki Tulsi Kumari"")","Guru Randhawa, Gill Machhrai, Rony Ajnali, Dilmaan",Sony Music Entertainment India Pvt. Ltd.,7,58,80,7,2315776,14334236,1710014,135,2025-11-13
Qayde Se,"Pritam, Arijit Singh, Amitabh Bhattacharya",T-Series,7,114,175,7,1709404,9916611,1374834,187,2025-08-28
Bau Ji,Mohit Ladhotiya,Saregama India Ltd,7,148,167,7,1450854,9719158,1282352,199,2026-05-07
Mard,"Masoom Sharma, Pinna Music, Amar Karnawal",Masoom Sharma,7,81,107,11,1542011,10012998,1275140,197,2025-06-26
Heat Waves,Glass Animals,Polydor Records,7,3,-1,129,1532941,9935238,1356184,188,2025-07-31
Zehnaseeb,"Vishal-Shekhar, Chinmayi, Shekhar Ravjiani",Sony Music Entertainment India Pvt. Ltd.,7,136,140,7,1559627,10052603,1439868,168,2025-08-28
Chikni Chameli,"Ajay-Atul, Shreya Ghoshal",Sony Music Entertainment India Pvt. Ltd.,7,147,198,7,1682814,10152161,1230131,195,2026-03-05
Jutti Meri (Live),Neha Bhasin,Neha Bhasin,7,44,66,7,2555258,13922144,1457198,160,2025-10-02
Kufar,"Diljit Dosanjh, MixSingh, Raj Ranjodh",Diljit Dosanjh,7,117,126,7,1821833,11542856,1418534,184,2025-12-11
Hum Pyaar Karne Wale,"Shashwat Sachdev, Anuradha Paudwal, Udit Narayan, Anand-Milind, Sameer Anjaan, Qveen Herby",T-Series,7,49,133,7,2680879,13216737,1318059,183,2026-05-07
Kishore Kumar Speaks And O Mere Dil Ke Chain (Film - Mere Jeevan Saathi),Kishore Kumar,Saregama India Ltd,7,167,195,7,1518967,9998363,1494487,169,2025-12-11
LAAVAN,"Jasmine Sandlas, Mofusion",Warner Music India,7,151,161,7,1457897,9694934,1244371,199,2026-05-14
Panwadi - Best Wedding Dance Song 2026,"Khesari Lal Yadav, Masoom Sharma, Dev Negi, Pritam, Nikhita Gandhi, AKASA",Sony Music Entertainment India Pvt. Ltd.,6,135,140,6,1656327,9052711,1346003,199,2025-11-06
Thinking of You,AP Dhillon,AP Dhillon,6,121,140,6,1509413,8325450,1291489,183,2026-05-14
Barota,"Sidhu Moose Wala, The Kidd",Sidhu Moose Wala,6,22,-1,6,3694225,15079244,1480296,186,2026-01-08
Kaho Na Kaho,"Anu Malik, Amir Jamal",Sony Music / Vishesh Films,6,73,116,6,2070764,10154954,1464810,159,2025-10-30
Young G.O.A.T,"Cheema Y, Gur Sidhu",Brown Town Music,6,72,142,16,1580604,8413018,1235558,196,2025-06-12
Dealer,"Diljit Dosanjh, Da Future, Virk Andaaz",Famous Studios,6,55,114,6,2490378,12389250,1419268,172,2026-04-23
Bewajah,Himesh Reshammiya,Sony Music Entertainment India Pvt. Ltd. / EROS Music,6,12,148,18,1462203,8063849,1282942,199,2025-07-03
Haan Ke Haan,"Sohail Sen, Monali Thakur, Kausar Munir",YRF Music,6,9,192,45,1385109,7788797,1297908,189,2025-06-26
Babydoll,Dominic Fike,Columbia,6,127,137,6,1672425,9143018,1376351,165,2026-05-07
"Kaattuchembakam (From ""Pallichattambi"")","Jakes Bejoy, Vishal Mishra, Aavani Malhar, Kaithapram",Sony Music Entertainment India Pvt. Ltd.,6,139,159,6,1532245,8760986,1473763,168,2026-04-09
Circle,"Amanraj Gill, Manisha Sharma, Shivani Yadav",Saregama India Ltd,6,163,171,6,1591571,8972451,1372347,199,2026-02-12
Not Guilty,Dhanda Nyoliwala,Universal Music India Pvt Ltd.,5,23,47,18,2606751,10209920,1748449,78,2026-05-14
Mere Mittar,"Komal Chaudhary, Masoom Sharma",Komal Chaudhary,5,55,110,11,1538496,7234347,1421670,152,2025-06-05
"Bas Ek Dhadak - From ""Dhadak 2""","Shreya Ghoshal, Jubin Nautiyal, Javed-Mohsin, Rashmi Virag",Zee Music Company,5,71,88,5,2085742,8376896,1413915,172,2025-08-28
"Yedi (From ""Nilavuku En Mel Ennadi Kobam"")","G. V. Prakash, Vivek, Dhanush, Jonita Gandhi",Wunderbar Films,5,111,153,11,1535183,7133161,1273222,194,2025-06-05
Kahani Suno 2.0,Kaifi Khalil,1944121 Records DK,5,1,101,129,1609320,7253463,1303021,183,2025-06-05
Tension,Dhanda Nyoliwala,Universal Music India Pvt Ltd.,5,74,113,30,1788246,7400017,1300111,178,2026-05-14
Attention,Charlie Puth,Artist Partner,5,110,-1,132,1554837,7457391,1554837,181,2025-12-25
Ranjha,"Diljit Dosanjh, Sia, David Guetta",Warner Music India,5,128,-1,5,1668125,7170189,1266802,193,2026-05-14
BLACK RIDE,"Dhanda Nyoliwala, Hammy Muzic",Universal Music India Pvt Ltd.,5,75,101,31,1913512,7655724,1309860,175,2026-05-14
"Soni Soni (From ""Ishq Vishk Rebound"")","Darshan Raval, Jonita Gandhi, Rochak Kohli, Gurpreet Saini",Tips Music Limited,5,4,184,53,1443818,6572001,1371811,185,2025-08-14
Nahin Milta,Bayaan,rearts records,5,75,114,11,1602516,7591553,1395095,157,2025-06-05
Gulabi Sadi,"Sanju Rathod, G-SPXRK",Sanjay Rathod,5,11,-1,28,1506349,6861601,1243219,194,2025-07-10
Blue Eyes,Yo Yo Honey Singh,T-Series,5,38,187,51,1331877,6415987,1293021,192,2025-06-26
"Chale Aana (From ""De De Pyaar De"")","Amaal Mallik, Armaan Malik, Kunaal Vermaa",T-Series,5,18,176,140,1545396,7136626,1440804,196,2025-12-18
Sanam Re,"Mithoon, Arijit Singh",T-Series,5,144,161,7,1414999,6825104,1412400,144,2026-05-14
Kya Baat Ay,"Harrdy Sandhu, Jaani",Sony Music Entertainment India Pvt. Ltd.,5,42,-1,61,1542392,7274356,1375441,193,2026-04-02
Humnava Mere,"Jubin Nautiyal, Rocky - Shiv, Manoj Muntashir, Rocky Khanna",T-Series,5,66,-1,157,1582305,7335444,1252802,197,2026-05-14
Majboor,"Sheheryar Rehan, Zoha Waseem",Chakor,5,3,6,5,7204377,27752065,5267116,5,2026-05-14
Amsham - അംശം,"Aksomaniac, M.H.R, Bhumi, Circle Tone",Universal Music India Pvt Ltd.,4,50,56,4,2191332,8048877,2191332,50,2026-05-14
Aakhri Ishq,"Shashwat Sachdev, Jubin Nautiyal, Irshad Kamil",T-Series,4,67,119,4,2218481,7366005,1617908,135,2026-04-16
Iss Tarah,"Chaar Diwaari, Sonu Nigam",Universal Music India Pvt Ltd.,4,118,130,4,1615163,6136984,1490719,150,2026-03-19
Ganga Ke Kinare,"Bunny, Sagar",Universal Music India Pvt. Ltd. (Kripa Records),4,153,159,4,1518209,5791733,1419729,168,2026-04-30
Dil Pe Zakham Khate Hain,"Nusrat Fateh Ali Khan, Afternight Vibes",Universal Music MENA (Oriental Star Agencies),4,99,148,4,1836776,6639898,1534171,155,2026-04-16
Piya O Re Piya,"Sachin-Jigar, Atif Aslam, Shreya Ghoshal",Tips Music Limited,4,95,118,18,1731718,6190087,1408244,166,2025-05-29
Character Dheela,"Pritam, Neeraj Shridhar, Amrita Kak",T-Series,4,186,-1,4,1382056,5442302,1356928,186,2025-10-02
The Last Letter,"Maan Panu, Mazaak",Sony Music India / Brown,4,150,153,4,1535800,5943238,1447980,153,2026-04-30
SHKINI,"Guru Randhawa, Kiran Bajwa, Gill Machhrai, Rony Ajnali",Warner Music India,4,171,186,4,1558065,6070776,1485765,175,2026-02-05
MAUNA LOA,"Vedan, AZWIN",Mass Appeal,4,96,98,4,1747081,6193494,1254524,200,2025-05-29
Kitab,"Mr Dutt, Vipin Foji",Latest Track Records,4,81,108,4,2015069,7047665,1551939,139,2026-04-23
Chikitu,"Anirudh Ravichander, T. Rajendar, Arivu",Sun Pictures,4,61,130,5,2084343,6693471,1342896,179,2025-09-04
God Damn,"Badshah, Karan Aujla, Hiten",Universal Music India Pvt Ltd.,4,15,-1,59,1283851,5056458,1266406,199,2025-06-19
Teri Yaad,Aditya Rikhari,Universal Music India Pvt Ltd.,4,134,-1,4,1488124,5646014,1339298,197,2025-09-18
Salambala,"Anirudh Ravichander, Sai Abhyankkar, Super Subu",Times Music,4,116,-1,4,1760297,6486557,1576507,142,2025-10-02
like JENNIE,JENNIE,OA Entertainment/Columbia,4,131,157,11,1349437,5189672,1286322,190,2025-05-29
Kanmanipoove,"Jakes Bejoy, M. G. Sreekumar, B.K. Harinarayanan",Sony Music Entertainment India Pvt. Ltd.,4,158,158,5,1393571,5374263,1289122,184,2025-06-12
"Vazhithunaiye - From ""Dragon""","Leon James, Sid Sriram, Sanjana Kalmanje",Think Music,4,76,149,14,1360790,5234801,1360790,177,2025-05-29
"Bijuria (From ""Sunny Sanskari Ki Tulsi Kumari"")","Tanishk Bagchi, Sonu Nigam, Ravi Pawar, Asees Kaur",Sony Music Entertainment India Pvt. Ltd.,4,126,167,5,1715159,6268516,1462289,162,2025-10-09
"Mutta Kalakki (From ""Youth"")","G. V. Prakash, Ken Karunaas",GV Prakash,4,56,80,4,2173976,7613243,2173976,56,2026-03-19
Ek Khtola Jail Ke Bhitar,Masoom Sharma,Ankit Baliyan,4,61,159,10,1290838,4996924,1290838,193,2025-07-03
Bol Kaffara Kya Hoga,"Dj Chetas, Neha Kakkar, Farhan Sabri",Desi Music Factory,4,100,181,4,1896204,5998859,1396172,183,2025-11-06
DXB,"Cheema Y, Gur Sidhu",Brown Town Music,4,70,-1,4,2183357,7450481,1539971,164,2025-11-13
Moves,Shubh,Shubh,4,56,67,4,2184623,7681570,1595226,100,2026-05-14
Haaye Re,"Banjaare, Swati Shukla, MaxxTurnn",GEET MP3,4,110,160,4,1761076,6126281,1418021,174,2026-04-23
"Premalo (From ""Court"")","Vijai Bulganin, Anurag Kulkarni, Sameera Bharadwaj, Purnachary",Saregama India Ltd,4,20,54,11,2044288,7300190,1581042,121,2025-05-29
"Milne Hai Mujhse Aayi (From ""Aashiqui 2"")",Arijit Singh,T-Series,4,169,180,4,1445585,5459286,1445585,169,2025-08-07
Barbaad Reprise - Female,"The Rish, Shilpa Rao",YRF Music,4,57,98,4,2306757,7174650,1461764,166,2025-08-14
Pretty Little Baby,Connie Francis,Universal Records,4,125,-1,4,1606064,5829950,1312922,175,2025-06-12
Ishq de Fanniyar - Female Version,"Jyotica Tangri, Kumaar",Zee Music Company,4,89,107,4,1686771,6424902,1686771,89,2026-05-07
Ghar Kab Aaoge,"Anu Malik, Mithoon, Sonu Nigam, Arijit Singh, Roop Kumar Rathod, Vishal Mishra, Diljit Dosanjh, Javed Akhtar, Manoj Muntashir",T-Series,4,27,36,5,3478001,11692481,1760776,117,2026-02-05
Ez-Ez,"Shashwat Sachdev, Diljit Dosanjh, Hanumankind, Raj Ranjodh",Saregama India Ltd,4,107,175,4,1979487,6820323,1501540,196,2026-01-01
PASSO BEM SOLTO - Slowed,ATLXS,broke,4,133,140,10,1455312,5451662,1291265,183,2025-06-12
Ek Din Teri Raahon,"Javed Ali, Pritam",Tips Music Limited,4,149,182,6,1654171,6043353,1447570,182,2026-02-05
"Vizhi Veekura - From ""Think Indie""","Sai Abhyankkar, Sai Smriti, Adesh Krishna",Think Music,4,162,182,4,1474862,5490583,1357753,185,2025-10-02
Kinni Kinni,"Diljit Dosanjh, thiarajxtt",DILJIT DOSANJH,4,24,-1,77,1343234,5194942,1283250,191,2025-05-29
"Mera Hua (From ""Ek Deewane Ki Deewaniyat"") (Original Motion Picture Soundtrack)","Annkur R Pathakk, Sachin Urmtosh",PlayDMF,4,34,167,4,2720600,8419751,1920355,99,2025-11-13
Tenu Sang Rakhna,"Achint, Arijit Singh, Anumita Nadesan, Varun Grover",Saregama India Ltd,4,89,-1,21,1617434,5924435,1348296,187,2025-08-21
Usey Kehna,"A.R. Rahman, Nitesh Aher, Jonita Gandhi, Irshad Kamil",T-Series,4,151,189,4,1568916,5915825,1539090,155,2025-12-04
Together,Shubh,Shubh,4,163,-1,4,1467445,5654320,1343009,196,2025-09-18
Thodi Der,"Farhan Saeed, Shreya Ghoshal, Kumaar",Zee Music Company,4,120,160,4,1520885,5714439,1520885,120,2026-05-14
Jab Se Tere Naina,"Monty Sharma, Shaan",Sony Music Entertainment India Pvt. Ltd.,3,151,190,3,1419752,4036304,1310156,191,2025-07-17
Raatein Guzaari,Aditya Rikhari,Tips Music Limited,3,173,-1,3,1342678,3944127,1342678,173,2025-07-10
Aarzu,"Noor, Khan, Madhurxo",Universal Music India Pvt Ltd.,3,72,82,3,1835627,5156732,1835627,72,2026-05-14
Rahein Na Rahein Hum - From “Thamma”,"Sachin-Jigar, Soumyadeep Sarkar, Amitabh Bhattacharya",Universal Music India Pvt. Ltd.,3,107,-1,3,1824494,5024922,1417450,186,2025-11-13
Manasilaayo,"Anirudh Ravichander, Malaysia Vasudevan, Deepthi Suresh, Yugendran Vasudevan",Sony Music Entertainment India Pvt. Ltd.,3,7,-1,24,1472017,4188334,1347931,188,2025-10-02
Midnight Call,"Harkirat Sangha, Starboy X",Harkirat Sangha,3,137,145,3,1683777,4751234,1416943,189,2025-12-04
Chirapunji - From Saina Music Indie,"Nihal Sadiq, Hanan Shaah",Saina Music Indie,3,71,117,3,1953746,5189167,1580980,121,2025-07-10
"Monica (From ""Coolie"") (Tamil)","Anirudh Ravichander, Sublahshini, Asal Kolaar, Vishnu Edavan",Sun Pictures,3,15,25,3,4107187,9089196,4107187,15,2025-07-31
Don'u Don'u Don'u - The Don's Romance,"Anirudh Ravichander, Alisha Thomas, Dhanush",Sony Music Entertainment India Pvt. Ltd.,3,160,179,3,1621266,4612850,1436565,195,2026-01-08
"Raat Bhar (From ""De De Pyaar De 2"")","Aditya Rikhari, Payal Dev, Aditya Dev, Kumaar",T-Series,3,33,37,3,3128505,8332965,2510727,55,2025-11-20
Can't Be Us,"Prem Dhillon, Sudesh Kumari, The Kidd",Prem Dhillon,3,77,-1,3,2192410,5967074,1699247,140,2025-11-20
"Firestorm (From ""They Call Him OG"")","Thaman S, Silambarasan TR, Raja Kumari, Deepak Blue",Sony Music Entertainment India Pvt. Ltd.,3,178,179,3,1407864,4080599,1289986,189,2025-09-11
SHERIYA,"ARJN, KDS, RONN",Universal Music India Pvt Ltd.,3,147,-1,3,1501524,4243639,1308246,195,2025-10-02
Aur Mohabbat Kitni Karoon,"Pritam, Arijit Singh, Sandeep Shrivastava",T-Series,3,144,200,3,1457008,4172283,1436038,144,2025-07-10
Galliyan,"Ankit Tiwari, Manoj Muntashir",T-Series,3,164,189,3,1377744,4048479,1332476,168,2026-05-14
"Jhoom Sharaabi (From ""De De Pyaar De 2"")","Yo Yo Honey Singh, Athar Hayat, Sameer Hayat",T-Series,3,120,197,3,1812021,4565874,1402199,196,2025-11-20
Mobsta,"Anirudh Ravichander, Heisenberg",Sun Pictures,3,80,168,3,1947257,4855331,1448959,163,2025-08-28
"Qubool (From ""Haq"")","Vishal Mishra, Armaan Khan, Kaushal Kishore",Times Music,3,156,172,3,1512104,4374834,1402008,169,2026-02-26
Banjaara,"Mohammed Irfan, Mithoon",T-Series,3,128,144,63,1455709,4272522,1369236,158,2026-05-14
Nasha,"Talwiinder, Vision",Talwiinder,3,97,-1,3,1926404,5410043,1699591,125,2025-11-27
"Koi Naa (From ""Bhool Chuk Maaf"")","Tanishk Bagchi, Gifty, Harnoor, Shreya Ghoshal, Irshad Kamil",Sony Music Entertainment India Pvt. Ltd.,3,86,111,4,1788785,4880262,1491639,144,2025-05-22
"Golden Sparrow (From ""Nilavuku En Mel Ennadi Kobam"")","G. V. Prakash, Arivu, Dhanush, Sublahshini",Wunderbar Films,3,75,200,24,1277008,3745878,1277008,199,2025-05-22
0008,"Sidhu Moose Wala, Jenny Johal, The Kidd",Sidhu Moose Wala,3,111,-1,3,1651890,4643734,1435787,150,2025-07-03
Besos,"Shreya Ghoshal, Rajat Nagpal, Freebot, Karl Wine",PlayDMF,3,71,-1,3,1943827,5025685,1434201,162,2025-06-19
"Dilbar Ki Aankhon Ka (From ""Thamma"") [Feat. Nora Fatehi]","Sachin-Jigar, Rashmeet Kaur, Jigar Saraiya, Amitabh Bhattacharya",T-Series,3,101,126,3,1884714,5125273,1403048,171,2025-10-30
Gallan 4,Talwiinder,Talwiinder,3,139,149,3,1699475,4847579,1545182,156,2025-11-27
Ae Ajnabee | Coke Studio Bharat,"Aditya Rikhari, Ravator, Kutle Khan",Universal Music India Pvt Ltd.,3,131,176,3,1528807,4344371,1408701,153,2026-05-07
Guns And Roses,"Thaman S, Ritesh G Rao, Saatvik G Rao, M. Prasad Babu, Adviteeya Vojjala",Sony Music Entertainment India Pvt. Ltd.,3,71,161,3,2076397,5126519,1566436,144,2025-10-09
Convo,"Chinna, Cheema Y, Gur Sidhu",Collab Creations Ltd,3,174,186,3,1394830,4044267,1322575,200,2025-07-31
CHANEL,Tyla,Epic,3,133,156,3,1815060,5035311,1612820,163,2026-01-01
"Ada Bommale - From ""Vaazha 2""","Rzee, Chinmayi Kiranlal, Minya Panicker, Nila Raj, Heykarthii",Think Music,3,179,-1,3,1368327,3936758,1280336,188,2026-05-14
"Bandeya - From ""Dil Juunglee""","Shaarib Toshi, Arijit Singh",Pooja Music,3,70,-1,84,1335444,3948885,1335444,180,2025-07-03
Mogambo,"Cheema Y, Gur Sidhu, Gurlez Akhtar",Brown Town Music,3,77,-1,3,2096094,5354796,1527856,161,2025-11-06
Tera Mera Rishta,"Pritam, Mustafa Zahid, Sayeed Quadri",Sony Music / Vishesh Films,3,88,148,30,1765158,4930927,1601294,138,2025-10-02
Kannodu - Live,"Job Kurian, Mridula Warrier",Job Kurian Productions,3,173,200,3,1361334,3881260,1305212,181,2025-05-29
Suroor,"Aditya Rikhari, Rochak Kohli, Gurpreet Saini, Lijo George",Universal Music India Pvt Ltd.,3,122,-1,3,1785013,4647799,1468033,179,2025-11-27
Daytona,"Karan Aujla, Ikky",WM Canada,3,102,-1,3,1835730,4649104,1339570,175,2025-09-11
Green Flag,Vikram Sarkar,All Good Music Pvt Ltd,3,182,193,3,1553012,4535986,1531923,189,2026-01-01
Bahara,"Vishal-Shekhar, Shreya Ghoshal, Sona Mohapatra",Sony Music Entertainment India Pvt. Ltd.,3,145,191,3,1540425,4140754,1261919,198,2025-09-04
MF Gabhru!,"Karan Aujla, Ikky",WM Canada,3,29,73,3,2977670,7894712,2840346,33,2025-08-21
The Beast,"Cheema Y, Gur Sidhu",Brown Town Music,3,106,147,3,1569923,4379350,1569923,106,2026-05-14
Tera Ghata,Gajendra Verma,Virtual Planet Production Pvt. Ltd.,3,62,-1,71,1379517,3983539,1365710,190,2025-08-28
PAN INDIA,"Guru Randhawa, Gurjit Gill, Lavish Dhiman",T-Series,3,116,117,3,1769887,5014145,1475766,171,2025-11-06
"Zamaana Lage (From ""Metro ... In Dino"")","Pritam, Arijit Singh, Shashwat Singh, Qaisar-Ul-Jafri, Sandeep Shrivastava",T-Series,3,26,50,3,2647074,7403083,2541650,31,2025-06-19
Destiny - Mann Atkeya,"Shashwat Sachdev, Token, Vaibhav Gupta, Shahzad Ali",T-Series,3,102,117,3,1810441,5006793,1475668,167,2026-04-09
Tum Ho,"Mohit Chauhan, Suzanne D'Mello",T-Series,3,62,-1,34,1396441,4003545,1296423,195,2026-03-19
Kaattuchembakam,"Jakes Bejoy, Vishal Mishra, Aavani Malhar, Kaithapram",Sony Music Entertainment India Pvt. Ltd.,3,139,168,9,1473765,4148949,1314897,200,2026-04-30
"O Shera - Teer Te Taj (Film Version) - From ""Kesari Chapter 2""","Shashwat Sachdev, Sangtar, Manmohan Waris, Kamal Heer, Sukhwinder Amrit",Zee Music Company,3,117,-1,3,1562770,4320933,1271710,195,2025-05-29
Chand Mera Dil - Title Track,"Sachin-Jigar, Faheem Abdullah, Amitabh Bhattacharya",Sony Music Entertainment India Pvt. Ltd.,3,43,58,3,2354237,6768046,2253258,46,2026-05-14
Shake It To The Max (FLY) - Remix,"MOLIY, Silent Addy, Skillibeng, Shenseea",WONDERGIRL LLC,3,175,-1,3,1324594,3871845,1264020,200,2025-06-19
Bikhra,"Abdul Hannan, Rovalio",2636621 Records DK,3,125,125,7,1470929,4049223,1283303,196,2025-05-22
Nafrat,Darshan Raval,Warner Music India,3,175,-1,3,1478164,4381646,1478164,183,2025-12-18
Ya Ali,"Pritam, Zubeen Garg",Sony Music / Vishesh Films,2,119,-1,2,1689636,3068492,1378856,180,2025-10-09
Qaafirana,"Amit Trivedi, Arijit Singh, Nikhita Gandhi",Zee Music Company,2,40,-1,189,1309358,2541531,1309358,196,2025-07-24
"Pal Pal Dil Ke Paas - Title Track - From ""Pal Pal Dil Ke Paas""","Arijit Singh, Parampara Thakur, Sachet-Parampara, Siddharth - Garima",Zee Music Company,2,3,-1,157,1691200,3046120,1354920,189,2025-07-31
Ishq Bawla | Coke Studio Bharat,"Dhanda Nyoliwala, Xvir Grewal",Universal Music India Pvt Ltd.,2,133,-1,2,1489318,2925302,1435984,154,2025-07-17
Neele Neele Ambar Par - Male Version,"Kalyanji-Anandji, Kishore Kumar",Sony Music India / 550 Music,2,179,-1,2,1326774,2614982,1288208,200,2025-07-17
48 Rhymes,"Karan Aujla, Manna Music",WM Canada,2,141,-1,3,1465459,2745243,1465459,141,2025-06-05
"23 Theme (From ""Aa23"")","Anirudh Ravichander, Hector Salamanca, Heisenberg",T-Series,2,176,196,2,1512988,2950351,1512988,176,2026-01-29
"Itni Si Baat Hain (From ""Azhar"")","Pritam, Arijit Singh, Antara Mitra",T-Series,2,63,70,48,2049505,3873194,1823689,106,2025-09-11
Alag Aasmaan,Anuv Jain,Universal Music India Pvt. Ltd. (on behalf of Anuv Jain),2,30,-1,73,1288444,2560136,1271692,196,2025-05-29
Sapphire,Ed Sheeran,Gingerbread Man Records / Atlantic Records UK,2,1,131,16,1631556,3008980,1377424,179,2025-09-25
PASSO BEM SOLTO - Slowed,ATLXS,broke,2,133,133,6,1467124,2875201,1467124,140,2025-05-15
"Tera Ban Jaunga (From ""Kabir Singh"")","Akhil Sachdeva, Tulsi Kumar",T-Series,2,4,128,296,1436226,2800796,1436226,149,2025-05-15
"Phir Mohabbat (From ""Murder 2"")","Mohammed Irfan, Arijit Singh, Saim Bhat",T-Series,2,120,-1,44,1470239,2769350,1470239,154,2025-09-11
Baarish,"Shashaa Tirupati, Ash King",Zee Music Company,2,112,149,2,1548532,2976813,1548532,112,2026-05-14
Deva Shree Ganesha,"Ajay-Atul, Ajay Gogavale",Sony Music Entertainment India Pvt. Ltd.,2,23,-1,10,2216196,4396469,2216196,56,2025-09-04
"Ek Din Title Track - From ""Ek Din""","Arijit Singh, Ram Sampath, Irshad Kamil",Zee Music Company,2,138,-1,2,1538399,3073615,1538399,141,2026-03-19
Police,"Cheema Y, Gur Sidhu, Jasmeen Akhtar",Brown Town Music,2,52,138,12,1354982,2680279,1354982,161,2025-05-15
Yeh Fitoor Mera,"Amit Trivedi, Arijit Singh",Zee Music Company,2,133,181,2,1454308,2777820,1454308,133,2026-05-14
"Tenu Zyada Mohabbat (From ""Tu Meri Main Tera Main Tera Tu Meri"")","Vishal-Shekhar, Talwiinder, Kumaar",Saregama India Ltd,2,135,-1,2,1786941,3401044,1614103,162,2026-01-01
"Bolna (From ""Kapoor & Sons (Since 1921)"")","Tanishk Bagchi, Arijit Singh, Asees Kaur",Sony Music Entertainment India Pvt. Ltd.,2,59,-1,104,1550521,2846671,1550521,120,2025-05-15
"Shubhaarambh - From ""Kai Po Che""","Amit Trivedi, Shruti Pathak, Divya Kumar",UTV,2,176,182,2,1402115,2767578,1402115,176,2025-10-02
Teri Ore,"Pritam, Rahat Fateh Ali Khan, Shreya Ghoshal, Mayur Puri",Times Music,2,173,-1,2,1441582,2814412,1441582,177,2026-03-26
Night Changes,One Direction,Syco Music,2,22,-1,196,1463976,2892178,1428202,160,2025-06-26
Haji Mastan,"Cheema Y, Gur Sidhu, Jasmeen Akhtar",Brown Town Music,2,91,-1,2,1975306,3498037,1522731,150,2025-10-30
"Hum To Tere Hi Liye The (From ""O' Romeo"")","Vishal Bhardwaj, Arijit Singh, Gulzar",T-Series,2,141,163,2,1630858,3165738,1630858,141,2026-02-12
Kya Bataun Tujhe,Vishal Mishra,T-Series,2,113,134,2,1640163,3120980,1640163,113,2026-03-12
7.7 Magnitude,"Karan Aujla, Ikky",WM Canada,2,115,-1,2,1698132,3046894,1348762,177,2025-09-04
"Minnalvala (From ""Narivetta"")","Jakes Bejoy, Sid Sriram, Sithara Krishnakumar",Sony Music Entertainment India Pvt. Ltd.,2,29,75,2,2590205,4441601,2590205,29,2025-05-22
"Nasha (From ""Raid 2"")","Jasmine Sandlas, Sachet Tandon, Jaani, White Noise Collectives, Divya Kumar, Sumonto Mukherjee",T-Series,2,117,117,3,1415554,2750149,1334595,167,2025-05-15
"Aasma Aasma (From ""Do Deewane Seher Mein"")","Jubin Nautiyal, Neeti Mohan, Hesham Abdul Wahab, Abhiruchi Chand",Saregama India Ltd,2,121,132,2,1757443,3504792,1747349,121,2026-02-05
Sailor Song,Gigi Perez,"Outtahere, LLC / Island Records",2,198,-1,2,1414200,2789112,1374912,198,2026-04-16
Hooligan,BTS,BIGHIT MUSIC,2,71,-1,2,2031127,3393953,1362826,198,2026-04-02
Muththa Mazhai,"A.R. Rahman, Dhee, Siva Ananth",Saregama India Ltd,2,103,-1,2,1721893,3346434,1624541,112,2025-06-12
Cry For Me,The Weeknd,XO / Republic Records,2,149,-1,10,1284052,2552186,1284052,179,2025-05-15
Body to Body,BTS,BIGHIT MUSIC,2,44,-1,2,2765516,4426809,1661293,125,2026-04-02
Beauty And A Beat,"Justin Bieber, Nicki Minaj",RBMG/Def Jam,2,182,193,2,1363521,2725492,1361971,182,2026-04-30
Tu Meri Main Tera Main Tera Tu Meri - Title Track,"Vishal-Shekhar, Vishal Dadlani, Shekhar Ravjiani, Anvita Dutt",Saregama India Ltd,2,140,155,2,1759583,3370852,1759583,140,2025-12-25
Baby,"Justin Bieber, Ludacris",RBMG/Def Jam,2,135,-1,16,1583350,2925854,1342504,187,2026-04-30
Move - Yeh Ishq Ishq,"Shashwat Sachdev, Reble, Sonu Nigam, Roshan, Sahir Ludhianvi",Saregama India Ltd,2,165,-1,2,1586182,3149298,1586182,165,2025-12-25
Zulfein,"Mehul Mahesh, Dj AYnik",Beatop Records,2,144,195,2,1443773,2764792,1443773,144,2026-05-07
"Oorum Blood - From ""Dude""","Sai Abhyankkar, Paal Dabba, Bhumi, Deepthi Suresh",Think Music,2,21,89,2,3940536,5840667,3940536,21,2025-09-11
"Powerhouse (From ""Coolie"") (Tamil)","Anirudh Ravichander, Arivu",Sun Pictures,2,20,184,2,3716784,5077566,3716784,20,2025-07-31
Trance of Omi,"Thaman S, Harsha Darivemula, Adviteeya Vojjala",Sony Music Entertainment India Pvt. Ltd.,2,135,189,2,1614569,2953258,1614569,135,2025-10-02
Lor Lor,"Jassie Gill, Kartik Dev, Gaurav Dev",EYP Creations,2,148,-1,2,1441786,2754174,1312388,188,2025-05-22
Pal Pal - Talwiinder Verse,Talwiinder,asleub1234785,2,140,-1,2,1700397,3287253,1586856,163,2026-01-29
"Aavan Jaavan (From ""WAR 2"")","Pritam, Arijit Singh, Nikhita Gandhi, Amitabh Bhattacharya",YRF Music,2,8,26,2,5740866,8938483,5740866,8,2025-08-14
Faasle,Aditya Rikhari,CollabX Productions,2,123,177,37,1333170,2659469,1326299,170,2025-05-15
Vaarayo Vaarayo,"Harris Jayaraj, Chinmayi, Unnikrishnan, Mega, Kabilan",Sony Music Entertainment India Pvt. Ltd.,2,178,-1,2,1336893,2644567,1307674,197,2025-07-24
White Brown Black,"Avvy Sra, Karan Aujla, Jaani",Universal Music India Pvt. Ltd. (Desi Melodies),2,29,168,125,1274141,2524447,1250306,200,2025-06-05
NORMAL,BTS,BIGHIT MUSIC,2,74,-1,2,2020388,3479074,1458686,169,2026-04-02
Rang De Lal (Oye Oye),"Shashwat Sachdev, Jasmine Sandlas, Afsana Khan, Amit Kumar, Sapna Mukherjee, Kalyanji-Anandji, Anand Bakshi, Reble",T-Series,2,89,-1,2,1900024,3430978,1530954,157,2026-04-09
Gentleman 2,"Masoom Sharma, Harsh Sandhu",Global Music Junction,2,76,151,8,1263511,2512244,1248733,193,2025-06-12
"Ghar Kab Aaoge (From ""BORDER 2"")","Anu Malik, Mithoon, Sonu Nigam, Arijit Singh, Roop Kumar Rathod, Vishal Mishra, Diljit Dosanjh, Javed Akhtar, Manoj Muntashir",T-Series,1,100,-1,1,1977096,1977096,1977096,100,2026-01-08
"Dil Waale Chor (From ""Pati Patni Aur Woh Do"")","Rochak Kohli, Shreya Ghoshal, Aditya Rikhari, Kumaar",T-Series,1,164,-1,1,1349906,1349906,1349906,164,2026-05-14
FYA,BTS,BIGHIT MUSIC,1,81,-1,1,1968304,1968304,1968304,81,2026-03-26
Jaate Hue Lamhon,"Anu Malik, Mithoon, Vishal Mishra, Roop Kumar Rathod, Javed Akhtar",T-Series,1,188,-1,1,1465797,1465797,1465797,188,2026-01-29
Timeless (feat Playboi Carti),"The Weeknd, Playboi Carti",XO / Republic Records,1,78,-1,21,1246386,1246386,1246386,190,2025-05-15
Nallaru Po,"Sai Abhyankkar, Tippu, Mohit Chauhan, Vivek",Think Music,1,188,-1,1,1340310,1340310,1340310,188,2025-10-30
You're U Tho,"Karan Aujla, Ikky",WM Canada,1,186,-1,1,1375033,1375033,1375033,186,2025-08-28
Sanam Teri Kasam,"Himesh Reshammiya, Ankit Tiwari, Palak Muchhal",Sony Music Entertainment India Pvt. Ltd. / EROS Music,1,1,34,14,2293627,2293627,2293627,45,2025-05-08
Coolie Disco,Anirudh Ravichander,Sun Pictures,1,171,-1,1,1430141,1430141,1430141,171,2025-08-21
Bol Do Na Zara,Armaan Malik,T-Series,1,168,-1,5,1508778,1508778,1508778,168,2025-11-27
"Tamma Tamma (From ""Dhurandhar The Revenge"")","Bappi Lahiri, Anuradha Paudwal, Indeevar",T-Series,1,186,-1,1,1418429,1418429,1418429,186,2026-04-09
Departure Lane,"Talha Anjum, Umair",7111N96Ye,1,68,186,9,1309851,1309851,1309851,173,2025-05-08
Saiyaara Teaser,"Tanishk Bagchi, Faheem Abdullah, Arslan Nizami, Irshad Kamil",YRF Music,1,168,-1,1,1449924,1449924,1449924,168,2025-07-31
No Love,Shubh,SHUBH,1,2,-1,138,1263406,1263406,1263406,199,2025-05-29
Alakh Niranjan,Aditya,Aditya,1,191,-1,1,1272297,1272297,1272297,191,2026-05-14
Eyes on Me,"Sidhu Moose Wala, The Kidd",Sidhu Moose Wala,1,106,-1,1,1568332,1568332,1568332,106,2026-05-07
Pal Pal (with Talwiinder),"Afusic, Talwiinder, AliSoomroMusic",Afusic,1,21,26,3,2772203,2772203,2772203,21,2025-05-08
Kaise Ho,"Bintu Pabra, Shiva Choudhary",Saregama India Ltd,1,197,-1,1,1354251,1354251,1354251,197,2026-02-19
Billie Jean,Michael Jackson,Epic,1,195,-1,1,1290025,1290025,1290025,195,2026-05-07
Merry Go Round,BTS,BIGHIT MUSIC,1,154,-1,1,1547085,1547085,1547085,154,2026-03-26
Without Me,AP Dhillon,AP Dhillon,1,187,-1,1,1353514,1353514,1353514,187,2025-10-09
"Roop Di Rani (From ""Pati Patni Aur Woh Do"")","Tanishk Bagchi, Guru Randhawa, Heer, Indeevar",T-Series,1,71,-1,1,1836827,1836827,1836827,71,2026-05-14
"Vibe Undi (From ""Mirai"") [Telugu]","GowraHari, Armaan Malik, Krishna Kanth",Tips Music Limited,1,177,-1,1,1397834,1397834,1397834,177,2025-10-02
Like Animals,BTS,BIGHIT MUSIC,1,112,-1,1,1740840,1740840,1740840,112,2026-03-26
"Sunn Mere Yaar Ve - From ""Param Sundari""","Sachin-Jigar, Aditya Rikhari, Amitabh Bhattacharya",Universal Music India Pvt Ltd.,1,197,-1,1,1262430,1262430,1262430,197,2025-09-04
Jhol,"Maanu, Annural Khalid",Giraffe Music,1,1,1,21,8537061,8537061,8537061,2,2025-05-08
Hungry Cheetah,"Thaman S, Ritesh G Rao",Sony Music Entertainment India Pvt. Ltd.,1,181,-1,1,1385812,1385812,1385812,181,2025-10-02
Rasputin - Single Version,Boney M.,Hansa Local,1,181,-1,3,1419723,1419723,1419723,181,2026-04-02
Dekha Hi Nahi,Osho Jain,Osho Jain,1,195,-1,1,1299857,1299857,1299857,195,2026-02-26
Aliens,BTS,BIGHIT MUSIC,1,122,-1,1,1695784,1695784,1695784,122,2026-03-26
Teri Yaad,"Faheem Abdullah, Hyder Dar, Zia",Universal Music India Pvt Ltd.,1,157,-1,1,1544699,1544699,1544699,157,2025-11-27
Please,BTS,BIGHIT MUSIC,1,194,-1,1,1375723,1375723,1375723,194,2026-03-26
"Tera Yaar Hoon Main (From ""Sonu Ke Titu Ki Sweety"")",Arijit Singh,T-Series,1,54,-1,197,1282073,1282073,1282073,192,2025-05-29
"Aitbaar (From ""Chand Mera Dil"")","Sachin-Jigar, Faheem Abdullah, Amitabh Bhattacharya",Sony Music Entertainment India Pvt. Ltd.,1,97,-1,1,1607343,1607343,1607343,97,2026-05-14
Balam Pichkari,"Pritam, Vishal Dadlani, Shalmali Kholgade, Amitabh Bhattacharya",T-Series,1,26,-1,7,2231542,2231542,2231542,50,2026-03-05
Ishq de Fanniyar - Female Version,"Jyotica Tangri, Kumaar",Zee Music Company,1,89,89,5,1604230,1604230,1604230,98,2026-05-14
Knife Brows,Dhanda Nyoliwala,Universal Music India Pvt. Ltd. (FarArmy Productions),1,80,-1,24,1299772,1299772,1299772,194,2026-03-19
Lae Dooba,"Sunidhi Chauhan, Manoj Muntashir",Zee Music Company,1,154,-1,1,1516430,1516430,1516430,154,2026-02-19
"Katchi Sera - From ""Think Indie""",Sai Abhyankkar,Think Music,1,6,-1,48,1334052,1334052,1334052,199,2025-09-18
The Fate of Ophelia,Taylor Swift,Taylor Swift,1,130,-1,1,1685603,1685603,1685603,130,2025-10-09
Shri Krishna Govind Hare Murari,Jubin Nautiyal,T-Series,1,35,-1,37,1477219,1477219,1477219,155,2025-08-21
"Koi Naa (From ""Bhool Chuk Maaf"")","Tanishk Bagchi, Gifty, Harnoor, Shreya Ghoshal, Irshad Kamil",Sony Music Entertainment India Pvt. Ltd.,1,86,144,5,1483726,1483726,1483726,145,2025-05-29
Sawaar Loon,"Monali Thakur, Amit Trivedi",T-Series,1,53,-1,16,1217335,1217335,1217335,197,2025-05-15
Don’t Say You Love Me,Jin,BIGHIT MUSIC,1,141,-1,1,1487878,1487878,1487878,141,2025-05-29
Heer,"Ali & Shjr, Haider Ali, Ali Raza",Freebird Records,1,23,25,7,2302063,2302063,2302063,44,2025-05-08
I Am The Danger,"Anirudh Ravichander, Siddharth Basrur, Heisenberg",Sun Pictures,1,138,-1,1,1541134,1541134,1541134,138,2025-08-21
"Sithira Puthiri - From ""Think Indie""","Sai Abhyankkar, Vivek",Think Music,1,101,152,12,1331909,1331909,1331909,166,2025-05-08
"Chikitu (From ""Coolie"") (Tamil)","Anirudh Ravichander, T. Rajendar, Arivu",Sun Pictures,1,195,-1,1,1342838,1342838,1342838,195,2025-07-31
Kiliye Kiliye - Afrobeat Mix,"The Independeners, S. Janaki, Ilaiyaraaja",Saregama India Ltd,1,192,-1,1,1325444,1325444,1325444,192,2025-10-02
Shiv Tandav Stotram,Shankar Mahadevan,Times Music,1,100,-1,3,1812200,1812200,1812200,100,2026-02-19
"Tu Hi Disda - From ""Bhooth Bangla""","Pritam, Arijit Singh, Nikhita Gandhi, Kumaar",Zee Music Company,1,163,-1,1,1437868,1437868,1437868,163,2026-04-23
Take Notes,"Sidhu Moose Wala, JayB Singh",Sidhu Moose Wala,1,164,-1,1,1410591,1410591,1410591,164,2025-06-19
Tera Chehra,"Himesh Reshammiya, Arijit Singh",Sony Music Entertainment India Pvt. Ltd. / EROS Music,1,3,23,14,2577582,2577582,2577582,24,2025-05-08
"Dhurandhar The Revenge - Aari Aari (From ""Dhurandhar The Revenge"")","Shashwat Sachdev, Bombay Rockers, Irshad Kamil, Khan Saab, Reble, Token, Jasmine Sandlas, Sudhir Yaduvanshi",T-Series,1,35,-1,1,2785878,2785878,2785878,35,2026-03-19
Maand,"Bayaan, Hasan Raheem, Rovalio",Bayaan,1,4,5,10,4970920,4970920,4970920,6,2025-05-08
Jhol - Acoustic,"Maanu, Annural Khalid, Abdullah Siddiqui",Maanu,1,45,45,11,2027041,2027041,2027041,64,2025-05-08
"Kanmanipoove (From ""Thudarum"")","Jakes Bejoy, M. G. Sreekumar, B.K. Harinarayanan",Sony Music Entertainment India Pvt. Ltd.,1,158,-1,1,1370765,1370765,1370765,158,2025-05-15
Bangles,"Sanju Rathod, G-SPXRK",Sanjay Rathod,1,166,-1,1,1342676,1342676,1342676,166,2026-05-14
Rang Barse Bheege Chunarwali,Amitabh Bachchan,Saregama India Ltd,1,153,-1,4,1346367,1346367,1346367,168,2026-03-05
"God Bless U (From ""Good Bad Ugly"")","Anirudh Ravichander, Paal Dabba, G. V. Prakash, Rokesh",T-Series,1,125,-1,3,1220325,1220325,1220325,200,2025-05-08
"Monica (From ""Coolie"") (Telugu)","Anirudh Ravichander, Sublahshini, Krishna Kanth",Sun Pictures,1,128,-1,1,1600443,1600443,1600443,128,2025-08-07
"Bijuria (From ""Sunny Sanskari Ki Tulsi Kumari"")","Tanishk Bagchi, Sonu Nigam, Ravi Pawar, Asees Kaur",Sony Music Entertainment India Pvt. Ltd.,1,167,-1,1,1416891,1416891,1416891,167,2025-09-11
Haan Tu Hain,"Pritam, KK, Sayeed Quadri",Sony Music Entertainment India Pvt. Ltd.,1,115,-1,3,1287844,1287844,1287844,197,2025-10-02
"Jaan Ban Gaye - From ""Khuda Haafiz""","Asees Kaur, Mithoon, Vishal Mishra",Zee Music Company,1,72,-1,71,1352175,1352175,1352175,197,2025-08-07
Top Fella,"Karan Aujla, Mxrci",Karan Aujla Music,1,170,-1,1,1369309,1369309,1369309,170,2026-05-07
"WOW (From ""Hai Jawani Toh Ishq Hona Hai"")","Harrdy Sandhu, Tanishk Bagchi, Kiran Bajwa, Gill Machhrai",Tips Music Limited,1,143,-1,1,1412554,1412554,1412554,143,2026-05-14
Namo Namo,Amit Trivedi,Zee Music Company,1,19,-1,152,1692512,1692512,1692512,121,2026-02-19
Oh Mama! TETEMA,"Rayvanny, Vishal Mishra, Shreya Ghoshal, Nora Fatehi, Sanjoy, The Plugz Europe",T-Series,1,125,-1,1,1611498,1611498,1611498,125,2025-08-21
"Rana Kumbha (From ""Varanasi"")","M. M. Keeravaani, Aditya Iyengar, Chaitanya Prasad",T-Series,1,194,-1,1,1389430,1389430,1389430,194,2025-12-11
I'ma Do My Thiiing,"Karan Aujla, Ikky",WM Canada,1,191,-1,1,1365007,1365007,1365007,191,2025-08-28
My Queen,"KD DESIROCK, Swara Verma, Ghanu Music",Times Music,1,35,-1,7,1291096,1291096,1291096,197,2026-03-19
Hookah Bar,"Himesh Reshammiya, Vineet Singh, Aaman Trikha",T-Series,1,193,-1,1,1520893,1520893,1520893,193,2026-01-01
No. 29,BTS,BIGHIT MUSIC,1,188,-1,1,1389048,1389048,1389048,188,2026-03-26
Tu hai kahan,AUR,AUR,1,1,71,82,1973203,1973203,1973203,71,2025-05-08
Tu Na Samjhe,"Hellow Raja, MaxxTurnn",Sony Music India / Brown,1,76,-1,1,1923903,1923903,1923903,76,2026-03-12
Zaroorat,"Mustafa Zahid, Mithoon",T-Series,1,129,132,12,1400059,1400059,1400059,158,2025-07-10
2.0,BTS,BIGHIT MUSIC,1,128,-1,1,1642850,1642850,1642850,128,2026-03-26
"Jab Tu Sajan (From ""Aap Jaisa Koi"")","Rochak Kohli, Mohit Chauhan, Gurpreet Saini",Netflix Music LLC / Sony Music Entertainment India Pvt. Ltd.,1,192,-1,1,1347450,1347450,1347450,192,2025-07-31
Neal,"Sidhu Moose Wala, Mxrci",Sidhu Moose Wala,1,179,-1,1,1340489,1340489,1340489,179,2025-06-19
Toh Phir Aao,"Pritam, Mustafa Zahid, Sayeed Quadri",Sony Music / Vishesh Films,1,155,-1,16,1332136,1332136,1332136,193,2025-09-25
Pal Pal,"Afusic, AliSoomroMusic",Afusic,1,3,4,6,6370931,6370931,6370931,3,2025-05-08
Manjha,Vishal Mishra,Desi Music Factory,1,16,-1,144,1226724,1226724,1226724,197,2025-05-08
Ranjhea,"Cheema Y, Gur Sidhu",Brown Town Music,1,157,-1,1,1495453,1495453,1495453,157,2025-10-23
they don’t know ’bout us,BTS,BIGHIT MUSIC,1,142,-1,1,1595856,1595856,1595856,142,2026-03-26
"Beete Lamhein Lofi Mix (From ""The Train"")",KK,T-Series,1,75,-1,52,1283965,1283965,1283965,180,2025-05-15
One More Night,BTS,BIGHIT MUSIC,1,183,-1,1,1415842,1415842,1415842,183,2026-03-26
